type,id
file,0003485d1bf9f7c3b2d824293404eb99c12b184d4f39090867ad478155cdb141
file,005dcee44aa77855df4b73184c01144cd6ac1d2e9884ae00c3ffbe120572e075
file,008d12100f44bd8322a0253bd9791a9df3ac5b3924d704e7db98e3e8749489e5
file,0099b9901ec0f826c9794f4e0126890b67d82708c6f5037085f131e09c676fc3
file,00c2760ab2b4ed6136d3ebcc8eb959c51061432f6089a1f5c99aebb050746521
file,00df3c4fef37f91afe06e284fce71600a1fc62faa7d17d058b624116cee790a2
file,0120467b9d372067673961689084acb52aa55049699f4c01ceab122e9945e47b
file,01594d510a1bbc016897ec89402553eca423dfdc8b82bafbc5653bf0c976f57c
file,01c041d485331e81ee42babf084b9646df963d6a575b7a01505c3b17a286cedb
file,01c898b49a9b91cbd3fd6ad38737a87ca2f9f3dd8bcb90ff19100167129c6ff5
file,01fec322631c2a753d43429883e91b86df393567cdb219c45301aac26de768be
file,024edc11c95681ba8a1b36108cd0550fb0fae54e32b0e1741ccce4701fa4f31a
file,02691fbf19e669f9f15fb6c57f8c8fe565952345bd23f8eb79acf3489c7aa6c6
file,029b583fd997b7399377c972db9776010cc1c9282e7e958edc808d870759cb8f
file,02b83d88f807f546358ce0a9909290b906a090bf6a13699cfdfe17b5856adfb6
file,02ba35acad6f7d247b9d6c277904b77143c7867a2b96e57cb1df79167cf4c226
file,02bdabfa4c4634d007f260f1fe48197c9efeaa5106f0f3cf33b0a10327e43b6a
file,031ff9f9bf2ac816d53128d46a3e7b60c50a12a0b841a9ca367cf335b61429b0
file,03256b9d2f310681508de8d7692f560f4d66579382a38c55c4b3549d7aa0421b
file,0355f3dd732c66bea0deae6861a11608a316b6ec538866d16abbd204845c5a71
file,03a286bfc61bb4e6cef1cad40043bb9f161e5810b5ac56f81e6d0a7533f3d3e6
file,03cffd90eb6c909adfb24eb1b017aaa6e752765aa232d154e7668f4f0fcf5b00
file,041894ce44c43968ac79961638c95bf6cf9686da3db22202e7c86e660d2d06ca
file,041e345dc105560af398be216bdb4564bb35bdbc71758ccb312e5ac8d98bfe30
file,045b2adde14111e962d16bef23e96ef61d8dcd53086d17a400414c2766f7d6ca
file,0488f01e4c05005300f923be26606f23a6e0735e492dec75c71f2401c8a87e9c
file,04ca0b36134d8964b477ca04039308210cc2793245ec4779ba18d54dd8c738da
file,04d9636b96bc2416bc6f9d3761fe007677c2fd22a33d9982dd3ee4bcb985e352
file,04efebc44e254667602a6c475e352e742d5b2257935b5c9f973ea4deda8d135e
file,0506153535029472d82dfd03799861a2b2895172016b5b6d20f616e73dcdeb6e
file,0555412a2b965d48bc5fd0dabfa2fec09ff3be31f3fe32e3c25259f44b4c143e
file,057d1d64a6ff9d3aa9a2f9794fec6eaa8da33f9ef4feae77b12ce0c85b92d2e0
file,05ba3e4adae668fdbc3bd2ce729ea5af404c930900e370f670fb5dd6defcfdfd
file,05d36c07ad3d897a54163c552182a144eeb2e122a5ec13ba7136dd837761d2a9
file,0618988d3e1e08d0bcdbca388a33ff9f926eed1fef1a4307d0a364438cd86015
file,063f7a111063d748eefa9ccae4d94e925049ec010c52604c7a282a5183b62b6d
file,0668ce00cc99f2b5a13f83f2aeb139a4fafa3d60ab4f61fb48f44c5389ca2f38
file,068a723b6259c292d7ddbfc152ad6740624675df39a6248cc178162d6daee56b
file,06cb8dd8fbb6c7e6e1f441727ebd982e229644de77380c1073fedb7a0e0abf93
file,06f859f7377172bbdc124d3adc963fa4f2020141d5493bdb7bcefeecd9b602d8
file,06fa18f4a62e8633565b2ef1779de4316d95abdf5b8f5b61a98f2a92210df76d
file,0772931ecddc0f337c8702ddab477e37f72d779a225a4cc147067d23a5542f14
file,07745a8066acfda4f847c98aaab0e22bcb5592133c675d6984a0edcab527cfb4
file,07b35ebd9a0581ab44d458c53f13268e8aacb98763148f90b77f267400c6bbf4
file,07ce4e0dc5e5141ce02f32fcbd2337d3ef4dcc03c07dc8c926f5c0277401e9bc
file,07e402a2209af62e69a414ce10e818292f4b8ece0d60505a696be7723b122951
file,082498b2ad66857ac5a1be407b5a319b3e5aad0d6b634f729359f89c73be440c
file,082a99013a6df16afd4e2597888bc23c3d7ead9fd9b44a752956249c5fba32b8
file,083ffa56f8405f9ca4a091e85ba4d044e219819e42a6beaa8369ec9b73aa6851
file,08bde2b7bf0a817005fb1c5389f8a6e9c989a8393a045ad3419672caf84c6d99
file,08c6f6fb1f1b510683c0fd60b4173233207ff44f02c152d901098d1be066b9b3
file,08c98fb97afe9c312fbd08439029f960157c9e3977445b7d556e7f84b551b6fd
file,08d72e666701dd286dfc328778f265a6874d6002ac37bd9601ba14e0a25fa476
file,0990319bfb2012fa100a991ad03e68458a03231d2147cb5beba7c3f8e4f456da
file,09e891847621ec7346806fbe04da8172b655ff8b387a1b3fb65bdb3f29effe68
file,0a136b9b48eed9c3b4189e90d353e0e58cdd8a5677f092fd904a3555117c2ba6
file,0a4a876746b0ca77113993b453f8c5deb83e785a44171b1bda4761ca7041347d
file,0a5724aa4abc900aad69c9f0c40ef1deeca29dee8454418a4c08f56525c53b6c
file,0ae565e287342d9adebfad4e0aff0ce148cfeddbbc06b43c4138e66682e7899d
file,0b32b6cc73ab4e84f035ce968a469dd033d05a1e39330764f8518b34cccebf3d
file,0b52a3c7f6c01a0c6d7bbead7694e05dd5e2c2f5a3b08451dcd9e03a3a7be93b
file,0b5c2a773bf8d0ddb4f037b7a0131a0747e5f37acf8c8486d0fc856ee8a057c1
file,0b6de35856f722514e2b8ba7162ba15f7e66b40797ff23aa6e3c7398ff22a850
file,0bbacd123c5bd3a35d29978751a098c0dc1606ad2319c96a70e1926efae79f64
file,0c206d266b235a9cda6f2a11f791e475fdd6af7f0b19dfa5a7144e172e3e3fe3
file,0c298fdcb9706f80bbc97317a434055d5aacb29816a7220b196a8f9b4633f9f1
file,0c3356c68aaaae7281264c8f47cb27d418c4c4175807b7bdee2c52fd7728f5ac
file,0c693c7f88c9efd694384544d2da724e2b05f9b49126a15fcf3c813095b3e7ce
file,0c6c5e23477103b1e8dc78318cb1e770c4c9471d0927e5c580abfddc92491f38
file,0d0594a2fd1b90f179081b6261feb6d113c99c81a854bc7418d7afb935af2f46
file,0d1d804d57ddbbee6c079795aaa8ad9ba3505025f84159eae6ec11bb3c5c0c9a
file,0d664bc422a696452111b9a48e7da9043c03786c8d5401282cff9d77bcc34b11
file,0d70f5015328157f68d670badb84d0db9dcee67feff3e76d2b6f01fb15c2647d
file,0d913e2772b5d0826c0e23fb89b89604d1e0c8f97940300e13d2b86e9de8df71
file,0e10a0cfb7a6735f35c20ce3f3af4a095e4605b42b26bc5758de8de07a29d964
file,0e297b1325eb9aa968325ca8f2b3d071dcea8ab51b57fac4f207927efbc23755
file,0e40818e4bc1132920a38a07673dce57fe14c995e6913356ef63af698c8087a7
file,0e70be37b1205a9c7889aa7121d47c3e5054d0b327042e2762d142f0c465bd07
file,0eaf5ea37bcecca7c2620caa744600556290894027d077d7f95c99651b1641d1
file,0f174d170fe9a5de77781d52dde098c5023b69432b7912556a46705fe2677859
file,0f1bad70c7bd1e0a69562853ec529355462fcd0423263a3d39d6d0d70b780443
file,0f5cbdbc1b86dd244249b5c074c8ac75ca8e9640ccce04fcf5f007e4c0211d2a
file,0f6342c3d2df2eb5f1880f65762424dfead02ac69e02c2453a15ea9aa8db4b28
file,0f86651ca44c7bec550a8a5f3d0f5e1726d264591c4b021b8f4fd92cc04599b8
file,0fbbde63e931b7143fd61f32e3e11d05dfa3958e818f0df804354e19e424d96f
file,0fc8eab7bb9563e0f6e758cf9402cabf7b5e966522ceed5779733e3e2604c6c5
file,101086db889dc27164c9e9d6ada983a2aeaa57c9d36839ecf6c5aee452550c4d
file,1036724984fd63a68f3c21e8bbdd1642440bb50912f4808f3a39cab2acc1ae3d
file,10bec0fd02ca05e44681ebeff26d8799eb67ccc860b744ca63e2c47c3707a1c4
file,10fe19955c27c5470f23f2dc5295cb343a820a54199f24cf706579e08634f6ed
file,1136726caf1c12f18db4970a5065612161473ed87a0d5213ba443d9bc6e4939f
file,11810197088ad2c417bd6c2087afc85131cf0a9905853560f286a5aac8939f2d
file,118eb7b303ce589cf9cd6ee6ef822d3b2387c2856d0946dbed5167db104a1d7a
file,120bd0141723c901815484b637f5b0be007822bec095eecb27bb247134d82c28
file,121b9c4fb477f814c0cb672a688abe8dac0942d8201caa365101106534ef327e
file,12703ba130c9471b930d4d4711f7efb1832aaf74dd817f1210afa6079f7c0d67
file,1280ebac0d8155c52a0bf74f11d429e80e3c407ea04e8c92267432a8720d4149
file,12d716a9641b5653efb4096cf0b98ba08c2a759d0e37c09aebeadf87f397b822
file,12eba928f088dec978f00b1347454afd6e417b338e54e4aee56d92bf328cde5b
file,12f2ef50c6b2b9883faee3b08b25c8e8abff9aee67b4932c06414ce07f0e0034
file,13176071ca3e88e805b2153366f7e5d13a479fb040c4c272f736e0ac8175c91f
file,13185b789fc90945a6d11afaa2dbedf725f5e31188ae99e56cb30191a449fdb7
file,1360db2f1b9898339c55279277dea80dd86660be9f290165fd602f0828c90bc4
file,138e2b36e4c8bec8b00180558843355037d7de99c389f46e6183c4fc5a34c790
file,1422f9029d8d0ed7c39942a1a388620ed0902db45b2597be34c5d5f804714949
file,143b6dd989b9b8b1166a941538d8bebc5404b9af8961791060ce1fe68a01bde5
file,146171b2d8ba7c6cfc1327e26e4017b08693af5514263203db60d9c43e13914a
file,14c19bb4625fd49825976c81214a7a1ee9e441c5da782442b0058fe1d8ffc176
file,14c68463ab43820e1c3948c47ec18ddaa43d7b92dac676559252e7d4ba820aa2
file,15190654ef94fe2a6ae01d529dbd2f619631ba661a1813a8904c869a32aee967
file,151ac958e543ab9342beada22910b2940a0513a4f6ff9c4022320627de8cc6ef
file,15e30cad7d7ffb7c5891177482d7af523264f1ffbbccf7bc9e367a62a39eb29d
file,162e67776d27c385827a5531cfdea36d49a0c3d034052a7fb9430d23630d35d8
file,1679ba211343d60e039a51c0aeb921081fad2a3466645a958da5baa2eeea8d83
file,16c6d1110b42a8c7b4274ce197747c811326101c1a50d863ae384aa7d0f22c35
file,16d25a0afcfdf519c1b72c4e776928b0a097c37759fa71cf3a45b53158f8931e
file,172df8f1fe8a676b476ca02ffb6748eea10e19fd4c225052a00914c41214cf59
file,177239a44fa90d5481c16174c895a9103e2a619c2cf60c85296ac3ba39712801
file,178fcd55ab637d2164872e172a64bd983dec60f00697bdc3603d22440269cd97
file,17a3740e57492495261483d62e2b0f276e476d64d22e94119e0781308d79e40e
file,17edd2da580ebd89baab8f98c3d14f168423aebf678d030c4792d493b12eadb2
file,1850919a1a8ebc1c2faaf4ac945a19e1b2d7e26ba79aa0d69b18321356703414
file,188e82626774578ce0faf7b9095a3b884ad5df53302dcbdb2490a59263a86bb7
file,18db58ab1fef873d9b4c856a3a11a925f0adad23ab1746cf89ff213db523e44c
file,19265b4e3fe38c774efbcd0f7bfda529c7cee4a1f4ee9596248eb9d26e143eb5
file,19bce9a1129bea19abb9f4dc007b54db7bf64153aff20f546c24e1b2c2284456
file,19f8bf3e67742979e98ce23b17912e938f95e9a4577f899c6d6b31a17c250d10
file,1a0c230ecd8f3aa93495361a06be824b9f0fc8f5c756e4ce43112eb06553272c
file,1a3a35956ee5cf33400580d192891826cc961565f18fccffabe8143930b955dd
file,1a942595fb67ff75457c24a6ad753ad3c13aa41abc9ba6cb09c5e02d7863e758
file,1ab93c7ae05cc836163de3f8bbe28b52aafc984833e76c65140551e5bd1c9cc3
file,1ac4e9912414def5928050354f61127e6775fde365bae017278000dd15e92eb7
file,1aeff2dee36622f6d06937783ae16cb3e7bd47df0a831be4e05b766a7cf3633d
file,1afcc2354ef7ff41d145dd93b71f6a6a2035b707e540f2882172681ad9c9194e
file,1b0e40865af8a9b255813652466ca2ae89eb565b1987cdb79267e2f880220d3c
file,1b2162892ad7c9f73c2bd7f4e9aad0e2b27c134d0220169c26f230a923de8bb4
file,1b4ed598195877fd873869709ac072caacad5e1940da9fd86bb9fb13d57e4745
file,1ba122f4b39a33339fa9935bf656bb0b4b45cdded78afb16aafd73717d647439
file,1bbef080aa0875ad22fd8d5a576fb3294210214d8052eb6cd883d666f3f3abd6
file,1bd00252035eadae62c03a8396b5b6e3c355082359714d8f02abd9770cb2ef7e
file,1bfb589a6c151372c89563ca8f077599f4f1d0b585c7cc3a5e9266654a44b7bb
file,1c8c0cc079cf86c376f109f8af04728e6a51a3e4f558dd962f72452a10d0de53
file,1d03b088421b4262cc1a84f7d889b90a4ec863ea4384ce3d3dd48b1a30c8da4a
file,1d1a29983e26b9d72dc6648d394a810ab81361e0956e570113689c976fd5aba4
file,1d1c11fc1ad1febf9308225c4ccf0431606a4ab08680ba04494d276cb310bf15
file,1d3bf86a99aaf354c7b9a4fdb37da5c0f9b7f5fa8d3b8231249706beab168733
file,1e30e605c0a679d32506a9cbf16142074b30eb1b6c553bbca78965ba46494cc4
file,1e90b2569507edcfb3a259b31ec92d1eb32e0b957bb494e5d172f16100e83417
file,1eab2a5ea074dec1a6ead80d1361a9fd4317e1cd334672c9d877cf49ccfe5730
file,1ebced56d98cba4d1a9da311e06ae1a222b54c84e14dff8b03f8bd2c101cf49c
file,1ee27910b2f9ded5c3b3392d5233546d480df0bc7f52d443751e91392130b18e
file,1ee8e99190cc31b104fb75e66928b8c73138902fefedbcfb54c409df50a364df
file,1efe168485cceae700737cd18eaf85cda0f310b75f57278c8b3f56d4dac0f310
file,1f1029d94ca4656a577d554cedd79d447658f475af08620084897a5523587052
file,1f3401069e2d9fdd5fafaa64abf4ab1600c91a614af89c0919e5170e4f5a3836
file,1f6cf9837b8266087908b28a3a1e207dafb5c542e8c3c1c09df21b5455d52a5d
file,1f71d4b6abb99328e91eb502183c142b4f23f2d00bcc555a9d412c0feece2536
file,1f81009336fed33b50bf187d70a16929f4d1b4f78b4d1e16bbbf7f6a87ec5bb1
file,2075f30113c361d9340c58485abf4ab58a62ff4b7451a57e5d0a84bc8ffc4bf5
file,209a69ac130d0f1c585704004b28d0e539a08aa7aff03aca802328d679f0c651
file,20ad0513d007a2d0e4616ff208f1a846aad60654d79435e184817663472dbb95
file,20d20ef039b2fe786024dfee30bce26bf753dbe2b0bef7f2a9666a7023813539
file,21246e86e7fefd568951381b71c8717f8d4befe6134b0afae64f614d38f0f92d
file,21be5586cc45386c766473bc7daf6681ee31028b836ae6a59a75bf859499ac34
file,21ee7a30c2409e0041cda6c04eee72688eb92fe995dc94487ff93ad32bd8f849
file,220235cf56edb06973c7c234b03a242f0dd3aa01032222ef295c798d589c68b8
file,22aa61a9f28fd4b1a7dc0ab6d294d373d900395214760970ba4e47cb886f6c2b
file,22b55f5d9b1bafb80e00c1304cf5e0d6057a304a2e8757b4f021b416f4397297
file,22c673d7d2e13ba7809d371f4cfb6ee399a6be56deb15fadad009cf6e8fab95b
file,230cde3013e33a922e7fc142bedb8c468ef7ac68dfd4e71a270ebc4c96a8c1ac
file,232a0944aeb7e15bf2f8d293d2c114cea34a8041633523615c6a646c9e3f20aa
file,234d4dcc8a6fc9e7fa618473b98b1c75c9fafaa21a959487ec861ba4864f7ca4
file,238c78fe98fe5e475b6a47cf7bbb3840935fe06d77ba6aa4968379b8389c49a1
file,23d45e43b4e54b12dc7f8029ae785e6a2a666e94b0b749c878502cd89ce4b50d
file,2411e7ef807e9850b50f6a56f319e793d6cda074d8054fa2189b94e4116308af
file,24b07028c1e38b9ca2f197750654a0dfb7d33c2e52c9dd67100609499e8028db
file,250e0c43eebf751c1779e783f6b4eaf39ea7aa146878cfe2a48f001b7d268f6b
file,254b70b9bfbf78bdf3a6c9aca3ebd21785b5b8cfb46f0d45d38c9a820e655ee6
file,255a65d30841ab4082bd9d0eea79d49c5ee88f56136157d8d6156aef11c12309
file,255c939a9cc83cacf2bf89ee0d5eb745a27dde0bced5ca7cfffbcf7e86f47546
file,256763f9a35deb98b5cd4e7528497169a150d83519da09664fde78f70d64f7a7
file,257709dc2b08d5aa3aa26f8d65e9c441e70b2a5ac83cba1cdf752e2cb040ddd6
file,2580e75fc1407f928aae20dff323372263aefb30f84e85eec7cd553e2c55e553
file,2595496fe48df6fcf9b1bc57c29a744c121eb4dd11566466bc13d2e52e6bbcc8
file,259b6d706a4f75e9f397118bb992db76a82521aeccd0a4a6491dbe79573ebe5e
file,268febdadb725d6d94006da1ac8238fd5c021af22dcec94796378cb4058c4cb5
file,26ed6778f4d368df211d035b548fa9b3d22976def5055d33c0f2a2d7086ed54a
file,274160637d9578db3e7161ab04e0af230dd42e2301dbf1a1b888fa32a5968783
file,27a9fa6a1dc38e23e9638286929378288b24103305113a2227ce26a9bb8944a6
file,27c24d6fa95fdd8de19dc45232dfaa3544abbfefe0f096e9aca67af053741637
file,282a6d7d94f9834e27b476d9750f47ce0c2a4cda9bae9ec0c24243dae61352c7
file,28ca92b5fdf21283503034fb58968ab56876fd4998bee9ffe360a2b8e9961cfc
file,28d9d66f940f8743e4c6621e6837d55d9734ecc9c7a974a7bef3f67445c47de6
file,2935d07bc9a17217bf3ad5adfaa127bc6f4809c9c8863dfde649f73fc9be2d87
file,2952dd7b7c1096fb5377a85f716b66a36e874dfd39f19429cb3287e924bbb66f
file,29bd9152439b105c40971dcd9ddc98216d8cf704cd9b49c8ade38fc4a38fed1f
file,29f6e7dac224fc0ba91e45145e209fdb18c985781280d778aeedbd1ea885f137
file,2a42a3b230642faebcac8aea57252c119939dfc5417c0200e7e22d16097afe03
file,2b3180e84eebc0a2a33a50e382f95a0f9e336b88fe9d794d6c2ee84c78c67f30
file,2b385cddf52da7689a5b3490eb671945d04e2ec745da8dcf485beb6e3e5f622b
domain,115.240.10.23.in-addr.arpa
domain,125.21.88.13.in-addr.arpa
domain,126.189.251.8.in-addr.arpa
domain,139.131.38.23.in-addr.arpa
domain,144.139.43.104.in-addr.arpa
domain,150.32.88.40.in-addr.arpa
domain,16.155.190.20.in-addr.arpa
domain,201.198.147.52.in-addr.arpa
domain,208.118.189.20.in-addr.arpa
domain,222.39.54.23.in-addr.arpa
domain,226.101.242.52.in-addr.arpa
domain,234.151.42.104.in-addr.arpa
domain,254.109.249.8.in-addr.arpa
domain,254.121.249.8.in-addr.arpa
domain,3.155.190.20.in-addr.arpa
domain,41.69.35.23.in-addr.arpa
domain,48.193.43.104.in-addr.arpa
domain,66.7.104.172.in-addr.arpa
domain,80.69.35.23.in-addr.arpa
domain,83.188.255.52.in-addr.arpa
domain,89.240.10.23.in-addr.arpa
domain,am-trc-events.taboola.com
domain,am-vip001.taboola.com
domain,api.msn.com
domain,api.pdfsuperhero.com
domain,api.pdftodocpro.com
domain,app.gifsmakerpro.com
domain,app.screensrecorder.com
domain,app.ziprararchiver.com
domain,application.pdfcentralapp.com
domain,application.ziptechapp.com
domain,appv.pdfhubonline.com
domain,arc.msn.com
domain,assets.msn.com
domain,au.c-0001.c-msedge.net
domain,b.f.0.0.0.0.0.0.0.0.0.0.0.0.0.0.0.0.0.0.0.0.0.0.0.0.0.0.2.0.f.f.ip6.arpa
domain,backgroundand.info
domain,barbie-sm-01.clearvixen.com
domain,beacons-handoff.gcp.gvt2.com
domain,beacons.gcp.gvt2.com
domain,beacons.gvt2.com
domain,bg.microsoft.map.fastly.net
domain,bi.pdf2doconvert.com
domain,bi.pdfknight.com
domain,bl.searchpoweronline.com
domain,box.searchtoolshub.com
domain,c-0001.c-msedge.net
domain,c.bing.com
domain,c.msn.com
domain,cdn.globalsigncdn.com.cdn.cloudflare.net
domain,cdn.lr-ingest.com
domain,cdn.taboola.com
domain,centlint.com
domain,clientservices.googleapis.com
domain,config.edge.skype.com
domain,connect.facebook.net
domain,corp.viewbix.com
domain,ctldl.windowsupdate.com
domain,dat.searchtoolshub.com
domain,dns.google
domain,downpdfpwr.com
domain,dual.part-0032.t-0009.t-msedge.net
domain,dual.part-0039.t-0009.fb-t-msedge.net
domain,dual.part-0039.t-0009.t-msedge.net
domain,dual.part-0041.t-0009.t-msedge.net
domain,dualstack.tls13.taboola.map.fastly.net
domain,edgedl.me.gvt1.com
domain,fd-prod1.azurefd.net
domain,fd-prod2.azurefd.net
domain,feed.it-searches.com
domain,feed.krembosearch.com
domain,feed.mambosearch.com
domain,feed.pdfsuperhero.com
domain,feed.pdftodocpro.com
domain,feed.screensearchutils.com
domain,feed.searchazak.com
domain,feed.searchmyppro.com
domain,feed.searchshar.com
domain,find.searchtoolshub.com
domain,fonts.googleapis.com
domain,fonts.gstatic.com
domain,fp2e7a.wpc.2be4.phicdn.net
domain,fp2e7a.wpc.phicdn.net
domain,free-pdf-convert.com
domain,get.pdfsuperhero.com
domain,gifsmakerpro.com
domain,global.prd.cdn.globalsign.com
domain,globalsign.com
domain,googleads.g.doubleclick.net
domain,goto.searchpoweronline.com
domain,hhj.flaconclient.com
domain,img-prod-cms-rt-microsoft-com.akamaized.net
domain,img-s-msn-com.akamaized.net
domain,install.pdfsuperhero.com
domain,ken-im-01.clearvixen.com
domain,krembosearch.com
domain,lookup.searchzr.com
domain,mail.free-pdf-convert.com
domain,mambosearch.com
domain,moffsoft.com
domain,mypdfmanagerapp.com
domain,nsp.gifsearchutils.com
domain,nsp.screensearchutils.com
domain,ntp.msn.com
domain,ocsp.globalsign.com
domain,ocsp2.globalsign.com
domain,part-0032.t-0009.t-msedge.net
domain,part-0039.t-0009.fb-t-msedge.net
domain,part-0039.t-0009.t-msedge.net
domain,part-0041.t-0009.t-msedge.net
domain,pdf-centralapp.com
domain,pdf.wisewebsearch.com
domain,pdf2doconvert.com
domain,pdfalcon.com
domain,pdfcentralapp.com
domain,pdfconverterpower.com
domain,pdfconverterpower.net
domain,pdfconverty.com
domain,pdfmagiconline.com
domain,pdfsuperhero.azureedge.net
domain,pdfsuperhero.com
domain,pdftodocpro.com
domain,pe.amazing-search.com
domain,pixel.pdfixers.com
domain,por.mypdfmanagerapp.com
domain,por.pdf-centralapp.com
domain,por.pdfcentralapp.com
domain,por.ziptechapp.com
domain,portal.pdf2doconvert.com
domain,portal.pdfconverty.com
domain,portal.pdfsuperhero.com
domain,portal.pdftodocpro.com
domain,prda.aadg.msidentity.com
domain,prod-default.lb.logrocket.network
domain,prod-get.pdfsuperhero.com
domain,prod.ingestion-edge.prod.dataops.mozgcp.net
domain,qa-get.pdfsuperhero.com
domain,qa-stats.pdfsuperhero.com
domain,qa-stats.pdftodocpro.com
domain,qa.pdfsuperhero.com
domain,qa.pdftodocpro.com
domain,query.prod.cms.rt.microsoft.com
domain,r.lr-ingest.com
domain,recorditapp.com
domain,res.public.onecdn.static.microsoft
domain,rsn.recorditapp.com
domain,rsn.searchtoolshub.com
domain,sb.scorecardresearch.com
domain,scontent.xx.fbcdn.net
domain,screensearchutils.com
domain,screensrecorder.com
domain,scrootca1.ocsp.secomtrust.net
domain,scrootca2.ocsp.secomtrust.net
domain,searcharchiver.com
domain,searchitral.com
domain,searchmyppro.com
domain,searchpoweronline.com
domain,searchshar.com
domain,secure.globalsign.com
domain,seekpng.com
domain,shed.dual-low.part-0032.t-0009.t-msedge.net
domain,shed.dual-low.part-0039.t-0009.t-msedge.net
domain,stage-get.pdfsuperhero.com
domain,stage-stats.pdfsuperhero.com
domain,stage-stats.pdftodocpro.com
domain,stage.pdfsuperhero.com
domain,stage.pdftodocpro.com
domain,star-mini.c10r.facebook.com
domain,start.gifsearchutils.com
domain,start.searcharchiver.com
domain,stats.pdfconverty.com
domain,stats.pdfsuperhero.com
domain,stats.pdftodocpro.com
domain,telemetry-incoming.r53-2.services.mozilla.com
domain,th.bing.com
domain,time.windows.com
domain,tls13.taboola.map.fastly.net
domain,trc-events.taboola.com
domain,trc.taboola.com
domain,update.googleapis.com
domain,use.pdfconverterpower.net
domain,windowsupdate.com
domain,windowsupdatebg.s.llnwi.net
domain,www.bing.com
domain,www.facebook.com
domain,www.free-pdf-convert.com
domain,www.google-analytics.com
domain,www.google.nl
domain,www.googleadservices.com
domain,www.googletagmanager.com
domain,www.goto.searchpoweronline.com
domain,www.gstatic.com
domain,www.lookup.searchitral.com
domain,www.manua.ls
domain,www.microsoft.com
domain,www.pdfconverterpower.net
domain,www.pdfhubonline.com
domain,www.pdfsuperhero.com
domain,www.pdftodocpro.com
domain,www.searchpoweronline.com
url,https://get.pdfsearchtools.com/offer/?cid=9525&gnum=15&pclid=44299496&ctag=3483138595&pubd=https://www.templateroller.com/tags/2722-pie-chart-worksheets&utm_campaign=110041&v=2&crid=710
url,https://downloadscreens.com/download/1628680341742912/ibodkjhkonffalopjiakpgiiheehpipa/ScreensRecorder.exe?vid=ef0c908e-906c-4648-8d34-05d36405c6e8&ch={"browserVersionList":[{"brand":"Chromium","version":"110.0.5481.77"},{"brand":"Not%20A(Brand","version":"24.0.0.0"},{"brand":"Microsoft%20Edge","version":"110.0.1587.41"}],"platformVersion":"15.0.0","architecture":"x86","mobile":false,"platform":"Windows"}
url,http://por.pdfapex.com/v2?emid=4b22640a-b7bd-4f67-82f7-26ec376d792f
url,https://dlmagicapp.com/download/1686575908061665/coimhgadofnifgdmjcfbfajgkdcaedde/pdfcentral.exe?vid=208d88fe-08dd-4cd9-89c3-64a4ba9efa0e&cid=EAIaIQobChMI7bHg8ffQgQMV-cvCBB0bNQxkEAEYASAAEgK6mvD_BwE&source_id=&ch={"browserVersionList":[{"brand":"Microsoft%20Edge","version":"117.0.2045.43"},{"brand":"Not;A=Brand","version":"8.0.0.0"},{"brand":"Chromium","version":"117.0.5938.92"}],"platformVersion":"10.0.0","architecture":"x86","mobile":false,"platform":"Windows"}
url,https://application.pdfcentralapp.com/
url,http://nsp.gifsearchutils.com/
url,https://downpdfpwr.com/download/1636018850881182/fpjghfbaochalkfacjnhbbnmifiajejf/PDFpower.exe?vid=c7899865-6cab-4d1f-a8b4-c4f56a9fbe77
url,https://pdfconvertercompare.com/
url,https://jjr.centlintoil.com/v6/
url,https://pdftodocpro.com/home/thankyoupdftodocpro/?sc=0
url,https://downpdfpwr.com/download/1636018850881182/fpjghfbaochalkfacjnhbbnmifiajejf/PDFpower.exe?vid=e1a4f83b-f633-4d72-9b88-4b7a6582eba7
url,https://www.gifsmakerpro.com/get-now/?dist=ggl&campaign_id=17815133417&adgroup_id=143944861166&placement_id=www.freepik.com&creative_id=647862625638&bd=GMAUSOPRS&d_id=ggl&utm_source=google&utm_medium=cpc&appid=1628694616891331&gclid=EAIaIQobChMIyKekju2d_QIVYxn5AB325AElEAEYASAAEgJZR_D_BwE
url,https://free-pdf-plus.com/
url,http://por.pdfapex.com/v2?emid=0f69c3ae-1c5e-4ac3-9a30-e861bd43c1ba
url,http://bl.searchpoweronline.com/v4/interpolate?EQwCEEpdEFAtTC0oNictRF9eQVFdQVggGw8ORF9bRFRdNlwqQidcUV1YFREbPQtLRwVaQlxYRFBTTFpeTFlaRVdcUVNdBxscHQ8MKwYAAAQZBAACFRUCGwFLRwUsMTsxJDMkOjshKyA7JDA7Ji0=
url,https://pdfcentralapp.com/thankyou/?tyid=8bf833c8-10f4-4a9e-93c0-4c58606d5eca
url,https://downpdfpwr.com/download/1636018850881182/fpjghfbaochalkfacjnhbbnmifiajejf/PDFpower.exe?vid=73433805-1c68-4460-a39e-3c732e93ae4a&ch={"browserVersionList":[{"brand":"Not?A_Brand","version":"8.0.0.0"},{"brand":"Chromium","version":"108.0.5359.125"},{"brand":"Microsoft%20Edge","version":"108.0.1462.54"}],"platformVersion":"10.0.0","architecture":"x86","mobile":false,"platform":"Windows"}
url,https://www.googleadservices.com/pagead/aclk?sa=L&ai=CIimQtChBZdzEGvm32OMPwoOaYKP8kPVzreL-99kR0tK_uNsbEAEg4a6SJWDJjsaN9KTQGaABpdq-igPIAQGoAwHIA8sEqgSNAk_QaOjLtDqh03we7kUd4tqTy1WsIlyU1JMvMtRLfqAvm5XLjIdPkCIUQKcOoycFj-0f4N8HvjDO9j2KS4X6WdVcq_coWX9Gs-Va61xJq5I45JDE43SjVSJAdVOQgKpUI4ozcnH-QN2yztI2pVDK8ZHArmT0GBVmM6-1FQt0xbFObixxjTLGVm8c6ghumxu0pq9au6TxN0a5pQMcWtRePg1MmpoQfZGA2vCMLTw0QmKbLlQ9UsJjg93XX9UtwcKEC5-HBtekB5rB-eLt_sA6jFNm0N8zZm29qFDBHMdJvEoP1AofaEA4K4f6LCs8BOna_j_AaN5BnEQAwUOmLpC63_W9cnPkJ7KbKMF4vX5qwATyg5etjQOIBeeh1LchgAfBlPeYAagH2baxAqgHjs4bqAeT2BuoB-6WsQKoB_6esQKoB6SjsQKoB9XJG6gHpr4bqAeaBqgH89EbqAeW2BuoB6qbsQKoB4OtsQKoB_-esQKoB9-fsQLYBwHSCBQIgGEQARgfMgKKAjoCgEBIvf3BOrEJqHj7Y-7XPzaACgGYCwHICwGiDAwqCgoI5LSxAu61sQKqDQJVU9gTDNAVAfgWAYAXAQ&ae=1&num=1&cid=CAQSPADICaaNU5qY1gngKUf5tKkxum7PalKZDOiSy3_122JoCO8pxML8kMtHCDcKKaalAtjW6gTpOYY_hRWhAxgB&sig=AOD64_2moKR9oQsClm0P8W2p3ZL-4oFyeg&client=ca-pub-4369967448035531&rf=1&nb=8&adurl=https://free-pdf-plus.com/lps/pdft/?gclid=EAIaIQobChMI3O7s-tegggMV-Rt2Bh3CgQYMEAEYASAAEgIXyvD_BwE
url,https://www.googleadservices.com/pagead/aclk?sa=L&ai=CBMU-VxEJZMOYHvuHi9YPiqiruArFvIO1b6q_2ZWcEK_A_7eHMhABINSxhyRgyY71i8yk2BmgAeiUudAoyAEJ4AIAqAMByAMKqgSFAk_QU9vA0Ke81CUOrnkS2Md4RyMT3QxGsPOlNLqq5fAJsuR64Xwo4IqH1YSggSazOm1xBNFxbh6CcROBTYsX6aMc3yQmIVGxq1IEBK2WV5f1bQ8x5uJBCo38fC_M5Da519eIJf1_1VAtsY9lx8le9zLQyp-cccWNsXEPBYksclUwYmb_hVhQ-R5JbJQFwHFG7NIibNKy9X6hAd08V12JgJ3ztdVtj72QeYH7ptcWPoST36RHj36CP3baIWcbKozZQLFmt0dSTb7UvfxO8ER70sFln8dGgCZt9apAosfIdBuXSw6Cm94tfI0xns0vw6wsOxfu2IeRJqBF5TzHr2rzQGXF0ovLn8AE8LHzr5AE4AQBoAYugAfozImwA6gHjs4bqAeT2BuoB-6WsQKoB_6esQKoB6SjsQKoB9XJG6gHpr4bqAeaBqgH89EbqAeW2BuoB6qbsQKoB_-esQKoB9-fsQLYBwDSCA8IgGEQARgdMgKKAjoCgEDyCBthZHgtc3Vic3luLTM3MTk3NzEyODgyNzcyNjGxCURSMw2I1QfKgAoDmAsByAsBgAwBuAwBuBPkA9gTDIgUAdAVAfgWAYAXAQ&ae=1&num=1&cid=CAQSTQDUE5ymJcWmj4A5wiLIPWXelZ3kwKXJaer2ifRlkn4ss-BBGO0fw2MSHmcuU35Oc8dGW1h0dCUtgor18EgvX1kS9LD03sb4QPI6M98yGAE&sig=AOD64_2dbPLHC_fCq77GNs0HMX4mkhriKg&client=ca-pub-1601477034266482&rf=4&nb=8&adurl=https://www.pdfsharkapp.com/install-app/?dist=ggl&campaign_id=18369784073&adgroup_id=141834377456&placement_id=www.thecoolist.com&creative_id=638286880483&bd=PSUSAUDRS&d_id=ggl&lp_id=install-app&appid=1651396215983137&gclid=EAIaIQobChMIg6D15rXN_QIV-8PCBB0K1AqnEAEYASAAEgJtP_D_BwE
url,https://downloadarchiver.com/download/1612878710864450/akdbinaonbobhdlfljkojpjkiendlcpm/ziprar.exe?vid=4c8842e9-058c-4794-86cb-16be09203d71
url,https://feed.mambosearch.com/?id=cf84a927-6af3-44f6-b601-ea50cc820182&installdate=23-08-2023&pid=70663&publisherid=70663&barcodeid=70663003&adid=106020&placement=&gclid=EAIaIQobChMI-tqOmr3zgAMV0NNbCh0HmgNZEAEYASAAEgKrMvD_BwE&q=%25s
url,http://start.searcharchiver.com/
url,https://pdftodocpro.ssl.hwcdn.net/PDFtoDocPro.exe
url,https://www.fiercehealthcare.com/payers/prime-therapeutics-aiming-support-medicaid-plans-managing-gene-therapies-heres-how?utm_medium=email&utm_source=rasa_io&utm_campaign=newsletter
url,https://downloadarchiver.com/download/1612878710864450/akdbinaonbobhdlfljkojpjkiendlcpm/ziprar.exe?vid=071d87f2-4667-4c92-b95c-8631d751609f
url,https://downpdfpwr.com/download/1636018850881182/fpjghfbaochalkfacjnhbbnmifiajejf/PDFpower.exe?vid=73433805-1c68-4460-a39e-3c732e93ae4a&ch={"browserVersionList":[{"brand":"Microsoft%20Edge","version":"107.0.1418.62"},{"brand":"Chromium","version":"107.0.5304.150"},{"brand":"Not=A?Brand","version":"24.0.0.0"}],"platformVersion":"10.0.0","architecture":"x86","mobile":false,"platform":"Windows"}
url,http://8proof.com/
url,http://ctldl.windowsupdate.com/msdownload/update/v3/static/trustedr/en/CABD2A79A1076A31F21D253635CB039D4329A5E8.crt?d132e3327a6e73f3
url,https://pdfalcon.com/
url,https://pdfknight.com/?gclid=EAIaIQobChMIw6Kf5dzsggMVj8RkCh0OzQr7EAEYASAAEgJ-BfD_BwE
url,https://downpdfpwr.com/download/1636018850881182/fpjghfbaochalkfacjnhbbnmifiajejf/PDFpower.exe?vid=17b7a6fe-eae6-4ba2-88f3-4c38061f884b
url,https://stats.pdfsuperhero.com/api/addevent
url,https://www.screensrecorder.com/get-now/?dist=ggl&campaign_id=18644745759&adgroup_id=142610979556&placement_id=www.appcracy.com&creative_id=632665594688&bd=SRUSGENRS&d_id=ggl&utm_source=google&utm_medium=cpc&cq_src=google_ads&cq_term=&cq_net=d&cq_plt=gdp&gclid=EAIaIQobChMIga6UypuW_QIV2uDnAx02SgczEAEYASAAEgIcofD_BwE
url,https://adclick.g.doubleclick.net/aclk?sa=l&ai=CZJc3vbsmZZW1HYepsgeE45joCdnn-fxymreqlJASrcr93wUQASDg_MklYMnWxo30pNAZoAHolLnQKMgBCagDAcgDy4SAgASqBMECT9AvkjyfqpMROX2Khy20MqIg78TBWpZNsPFMmTErjS9BZYCGvgEj7LuHXcDR3laDXJeK025k8Zr9FHeTapcY1lQsuW3GmHV9ERPR4BI7BWTTEEIIvOEU-O6qCOhaTq6_OBHycr6ya-NiVx1TTTAAjZIMGoyqGTepnm4jzV4QpySYUC6P3GdUp-gMN_x-8BjkYoqwi6_o6f18zv8RB93L_9YhSYpq95NprdNCKQMwz1hbuBhm10bVYMnG9xkR7XYo9lcuO90JK1M0bQy7ap17dFAP0J_QfUKJ5hIWrihHQrWytqAgOc5IklD6uBk4_3jGuQtsomgNOV539CJYxck5NhpqWz2KA4U8TgGpPYHE0KKBEEkTxh-Ij7jq2aNjFJUTWrH86CcKFjdWmmFR1IlChAPG3mjGUVlWQBYx3ddvtYIPwATm57_NsASIBfCnpMlLoAYugAfozImwA6gH2baxAqgHjs4bqAeT2BuoB-6WsQKoB_6esQKoB6SjsQKoB9XJG6gHpr4bqAeaBqgH89EbqAeW2BuoB6qbsQKoB4OtsQKoB_-esQKoB9-fsQLYBwDSCBQIgGEQARgfMgKKAjoCgEBIvf3BOrEJ0OHlrKffoc2ACgGYCwHICwGADAGqDQJVU8gNAdgTDNAVAfgWAYAXAQ&ae=1&gclid=EAIaIQobChMI1YfAsaTugQMVh5TsCh2EMQadEAEYASAAEgJZKfD_BwE&num=1&cid=CAQSTADICaaNK89QTcaeXJzs2MC5ZywdCu_B2SKeMKlbbvmAxelsfwbQB-fKp6eW7LGZmobhfnGFLvy0v17hBdI5zWcvcvC4ZbLYRV3LRdkYAQ&sig=AOD64_3XdsgECpmfZWMeq7bhhPqDEQGISg&client=ca-pub-6347857647432644&rf=1&nb=0&adurl=https://pdfcentralapp.com/get-now?campaign_id=20286346224&adgroup_id=150486381542&placement_id=www.hipaaspace.com&creative_id=673101880691&utm_source=google_b2c&gclid=EAIaIQobChMI1YfAsaTugQMVh5TsCh2EMQadEAEYASAAEgJZKfD_BwE
url,https://free-pdf-plus.com/builds/download.php?gdn=1&cid=&kw=&os=10&bro=e&subid=parade.com
url,https://www.googleadservices.com/pagead/aclk?sa=L&ai=CU0Rs5IELZeDAC6q3uvQP762myA_FpJuJc96chc2pEay0vMnXGxABIKqHlCFgyf7EjfSk0BmgAaXavooDyAEBqAMByAPLBKoEggJP0IDCEYIWNpZJDYhXhqTxI2Kk2myKNzc5mO-D6CdmEOVNySEvpitoCgqw-iydLX31Bo7FOocpVUR3MLkrS2xwG66IOkjoj8uwWxlodWIQteyxPPIF69NjuC3zQ4jhIcOhckhInBGYWDTd7kVE_uaEqvuKX4qk0RVNdwHL803H8exn-aVGGjsMM-VSInOVhXZRo95303Jfp0upuSgSrtbx9tT7TtS7Gi7wJAcENpRbGU1RQ2U2ljn3iGNBiLaapaklhBOYtJDgSHX-em1cqw3dV5yCK6lMBKZ9kGaqxMODScl6Nmbwcry00jVfFyiQoHOVmH9KpibF9gBmUICV_HQ-RmvABJ2RgvP1AogF1du9lyOQBgGAB9C--LUBiAcBkAcCqAfZtrECqAeOzhuoB5PYG6gH7paxAqgH_p6xAqgHpKOxAqgH1ckbqAemvhuoB5oGqAfz0RuoB5bYG6gHqpuxAqgHg62xAqgH_56xAqgH35-xAtgHAdIIFwgAEAIYGjIBADoHn9CAgICABEi9_cE6sQkDWyUvD9u5ZIAKAZgLAcgLAaoNAlVTyA0B2BMM0BUB-BYBgBcB&ae=1&gclid=CjwKCAjwsKqoBhBPEiwALrrqiOd1fJMnuw7Z91W6VvElGfBJWuEJhVCz82fK80l5UOBbJEFRvYjckhoC8PgQAvD_BwE&num=1&cid=CAQSQwBpAlJWoOd38QIocxa611X1mLa6TlvQWHvirL8OTjWwHsY4eyCSPQKtAHXKdv_-ekDl7a3nHAEtvJ9sdiODAxV8D28YAQ&sig=AOD64_1vaImAyPYZtVak41uO2jEYF1cuKQ&client=ca-pub-2865581676256868&rf=1&nb=8&adurl=https://www.free-pdf-convert.com/lps/pdft/?gclid=CjwKCAjwsKqoBhBPEiwALrrqiOd1fJMnuw7Z91W6VvElGfBJWuEJhVCz82fK80l5UOBbJEFRvYjckhoC8PgQAvD_BwE
url,https://www.free-pdf-plus.com/lps/typ/not-completed.html?screen=first
url,https://pdfcentralapp.com/get-now/?campaign_id=20290978793&adgroup_id=148687780221&placement_id=www.spelling-words-well.com&creative_id=671566876034&utm_source=google_b2c&gclid=Cj0KCQiAgK2qBhCHARIsAGACuzkRdhlvSY9DoHRwAUmdQj-1wy6MCAgD-Uo7Pq0XZfz8FCl7DGKKgGYaAgKkEALw_wcB
url,https://8proof.com/app/rtbclick?p=2AlB0UjWHDzisFY6g3qGkDCJfs2AckzEpsI1JTeSV8CRRi9xzTNomaS0mZqWq1h1wFGaFYyUA0nsR3yjZ3Kc7m7k4yQOYIZvTW8XSynKhWBgeWbglbJ4cTeN7ebCzpU89et6PonS7bo2sB916AqZWoFjlnoVrk6pIECQbGMQUguYatVWFFqG2cTvWFg3YxtSXBc7CVocNFYVWFj6-yjYRRhyW78wDg6ktdXecUuHvJxoj95DG5eLJMuL10VWe71vS6OmP5x2LC...
url,http://ocsp.globalsign.com/codesigningrootr45/MFEwTzBNMEswSTAJBgUrDgMCGgUABBQVFZP5vqhCrtRN5SWf40Rn6NM1IAQUHwC/RoAK/Hg5t6W0Q9lWULvOljsCEHe9DgW3WQu2HUdhUx4/de0=
url,https://pdfconvertercompare.com/download.html?campaign_id=20513300574&adgroup_id=151777220566&placement_id=www.calendar-12.com&creative_id=672855071891&gclid=EAIaIQobChMI6JbSvpr0gQMVbZ1_BB2TYAU3EAEYASAAEgJJp_D_BwE
url,https://pdfsuperhero.com/convert/?pid=60355&publisherid=60355&barcodeid=60355003&adid=104120&gclid=EAIaIQobChMIvpzjvqe7_QIVqcLCBB1-vAr2EAEYASAAEgIrI_D_BwE
url,https://start.searcharchiver.com/nav?emid=0F8BFBFF00050657QM00005421A96033&appId=1642581644641386&string_interpolation=GET_PRONTO_APP_NAME
url,https://dlmagicapp.com/download/1686575908061665/coimhgadofnifgdmjcfbfajgkdcaedde/pdfcentral.exe?vid=87e6799f-7b8b-41ce-a9cf-f6eb44121987&cid=EAIaIQobChMIjvTe3J6ZgQMVDcdbCh0bpwwkEAEYASAAEgJxUvD_BwE&source_id=&ch={"browserVersionList":[{"brand":"Chromium","version":"116.0.5845.141"},{"brand":"Not)A;Brand","version":"24.0.0.0"},{"brand":"Microsoft%20Edge","version":"116.0.1938.69"}],"platformVersion":"15.0.0","architecture":"x86","mobile":false,"platform":"Windows"}
url,https://www.appcracy.com/app/zoom/
url,https://pdfcentralapp.com/thankyou/?tyid=52f6abab-c005-42e8-ac6e-e134a61059ca
url,https://pdfsuperhero.com/?pid=60355&publisherid=60355&barcodeid=60355003&adid=104120&gclid=EAIaIQobChMIvpzjvqe7_QIVqcLCBB1-vAr2EAEYASAAEgIrI_D_BwE
url,https://por.pdf-centralapp.com/v6/
url,https://www.free-pdf-convert.com/builds/download.php?gdn=1&cid=w41pn8p8tkoioj1rib795q80&kw=&os=10&bro=e&subid=null
url,https://www.googleadservices.com/pagead/aclk?sa=L&ai=CM4jMDsYpZerdPPXA_tMP-e2sMLuDwsFzvqeamfwR3eurr94BEAEg1LGHJGDJxriN9KTQGaABh6C05yjIAQHgAgCoAwHIA8sEqgTpAk_QMVYU4f7A98Uu6xmmdue3y0rZqmZNzvd9Iadc1O1xMk7LmShWIZWQ7pDlWImPoQvS1WeMGB_dkeDpDvo0iO2ufo77HGWO2JYj-Yja7ZCmX1U1fSDKx9aRN1XEZ9Jqid1iiXaNp4tqMjdnAILW5UXPH0YIv8Z8-zstpT2FKwr0gfuNC4jtqYDoAHzADrdJsqzQvKrNGX9rBgBEbaQTHpyJFRqJQnTYmEhLZ749_DdyE3JfkVD-g2Twsmmb4izFkKQXMdnFT7flobdOcfN9R0YIOFPgQ6X-XbWzk3lTY-RgIA2FrECjf9FburU38E-TUzOArgRxklZO4iZYebFztQ276GXOJYdo2LKhg9hx2w7urL2YTtkSPigt3EarInKv3v0iikbvjPqL9Lp6yBusXUbQQjWdEu4xiLLhUDBOMbWPHHe64fMbhAQe8b2hOo5VQYg_8vJ5SafrY0qZH8uSBfIVfZftrcUoo87ABLCZgOO7BOAEAYgFz4P3r0yAB4fYhMcDqAfZtrECqAeOzhuoB5PYG6gH7paxAqgH_p6xAqgHpKOxAqgH1ckbqAemvhuoB5oGqAfz0RuoB5bYG6gHqpuxAqgHg62xAqgH_56xAqgH35-xAtgHAdIIFAiAYRABGB0yAooCOgKAQEi9_cE68ggbYWR4LXN1YnN5bi03MzAyNzE2OTYzNDEyMDgwsQlRrzlTfqCQAYAKA5gLAcgLAaoNAlVTyA0B4g0TCMjbh9OK9IEDFXWgfwQd-TYLBtgTDNAVAfgWAYAXAQ&ae=1&gclid=EAIaIQobChMI6pyJ04r0gQMVdaB_BB35NgsGEAEYASAAEgLVgvD_BwE&num=1&cid=CAQSTgDICaaNXtBUzJS07IJpvgh61ZEn3JQXmuu6o1MKMiVnLuZ6XH8MI2VcxXabQEOIZypku1FyrLpGk6p8dQ-FPmRqWmJQ_4Y6jLTPm1Bs0xgB&sig=AOD64_0BvExexfy_I-yo20yMupiN8kl-2w&client=ca-pub-1601477034266482&rf=1&nb=1&adurl=https://pdfsuperhero.com/convert/?pid=60355&publisherid=60355&barcodeid=60355003&adid=20101020&gclid=EAIaIQobChMI6pyJ04r0gQMVdaB_BB35NgsGEAEYASAAEgLVgvD_BwE
url,http://ctldl.windowsupdate.com/msdownload/update/v3/static/trustedr/en/CABD2A79A1076A31F21D253635CB039D4329A5E8.crt?6fbed2830278f495
url,https://www.free-pdf-pro.com/builds/download.php?gdn=1&cid=w4vsne02d4t0507si9pguefs&kw=&os=10&bro=m&subid=null
url,https://www.screensrecorder.com/thankyou?tyid=BFEBFBFF000706E5ACE4_2E00_9A0B_EB84.CFDF61C999A5
url,http://start.searcharchiver.com/time?session_id=e993bfda-abbe-42c6-8be8-acf6f861a345&app_id=1612878710864450&emid=0F8BFBFF00050657QM00005421A8A022&install_version=1111&identity=searcharchiver&sig=GS_MEDIAARENA_ZIPRAR_SIGNATURE&download_browser=edge_chrome&os_version=6.1.7601&r=306843188
url,https://adclick.g.doubleclick.net/pcs/click?xai=AKAOjst9eLjNKC_7AhGViivMKg0jzebTF-SZHSYRyJqTLkR-3kFHBUkRS7ie9zEPVgI68vUNtMJt1KIq0lB0IY1hGnOYIOn9JuepAoOfsIbuR9cWrv0sfve5ZtRFKEeKN8k_NGtOyAFZz2I7lNBp1Ab4auZJmjVOZlObMyW2MszKey-OTtqEkv8jlTBzQ7OgAMbUFEbxhs6vnHNmJnWY1ThnpCfC8hz4txwtDFT0o3FemjrFuaCyAQ2JKFxgiw-C-9AHc60LEV5iOq1ACfvRKxXKTaNFxiuBU_9QkfLfxnOy4nprJLAY2_PQckBn8q8WO9xk3KbSdh0gbL2wRUqY49E0-IVlNGantFYPyuAIALaNObJMF-gEcACRdM5PpZ3ufKkEQbqC3y_B5dxkUzkeIpdCoPe228j63RSq2GyBStVLDQcx7yEnLNXmG8t-ZFnIufk2yCDGKwte8M-LmUn4WFxUibW-LAPiNFHEcOe0yUq_LSUQxyZxWBeXr9W3oYeVmXwHSBw5tIuJl43GXDMNDAzo73-QAzLETODvdrPTWEc0F4YqBQQk1UazeQf3EqV3kNLtc8s1GMsp9kCwv5xTAuTFqQbwX7wGsiJE0kVCmp8Tfs65Vy9u9j14oblPDvpeW9_Eu4IKzjiDF75AcUCHmy3XsJXSoa17hNIlPYm6msPgDMlAyoZw4cVkOkilUZbcdsKxSz_NbogVThr4K4hu3-JEe0fj-uzJ1oV8iBrbMmqUByJTFdNAMIfm-HjKJ_AEOjJZ-_NuLtk-LHKW-3ky-sJLkBAQOMn6eUmFgnK1oRqTxFCzTUhLtl5Dt6XgScV77qYZPF5kBFlrgPSUIQYj01qEEIcf41Pzw0QnNWK5rzeP67wMtcWiAL_CWXZeQrnlJVPbYYFG5hKPuG1gzuLWKDSXTi6uT9c50XVvqEsEkm23rqTTUW8Q_o3EVvJPqF_C3A2xKyn3ysADw28gZbeFKptGsGMOwGOCSqlA_8qp7zMB1-lQB56IqTy5wZ0nARJLnjHln_ZPwQo996ZyJtgdrz2mtKvPLzeUWeZltF-3AkKTvlgPxWcUObF-pKNhir54jtQgkhsdAKo05XovvkLlUjx-AB7znmgouPecJLdSg4MopYYxk628vHPMPUj0a_hx4MQSF4b8DWJNM2jx7DKGgLSSmqmdFUaHO6viU5s2EJ5y3evcncWKHc1z7wIo50L4KFoBhrdbMHieCD8r5Lg8AdxSDn8xTbENibigbsd7jGorvByTf3Dt&sai=AMfl-YS_gtcgg6unUkfwFAkR7KC4PzILH2QbUfQLiLjiJTLYVi9v3hh7AggMwopWbxOlrR5X2o8h42ZPCY3ZITtotd908CQp5k2zwM-V4vVO77jnESH-v--WeZvxZeibv2nsGlXMVASROrMdqdLoLG3KhAQ459dibL-o3ykqhjZjNp-tl4_5eTu9IkCBg6q_JcIxipQT7eaKtgD1wtuEp13Kcvj4Cfeu9muEUOWecsJFz-EycgL48pHL9_VdiQ4CjNcN44TwQ4tsKHU4biA6BbHuTaspKlXY5BFHJDVtgWXMnBuxM6kqwY0xi4mGwvouV28sdBwOfYlq4SlmpQ&sig=Cg0ArKJSzDRyHdAwZe2U&fbs_aeid=[gw_fbsaeid]&urlfix=1&nx=871&ny=42&dim=970x90&adurl=https://www.pdfmagicapp.com/install-now/?utm_source=dv&utm_medium=cpc&bd=dvmgic&d_id=dv_b2c&adsxt_publisher_id=pub-1601477034266482&campaign_id=19580047188&creative_id=468021405&insertion_order_id=1010327529&exchange_id=1&source_url=https://www.thecoolist.com/military-time/&publisher_id=1&lp_id=install-now
url,https://free-pdf-plus.com/lps/pdft/?subid=parade.com&kw=true&gclid=EAIaIQobChMIv6K9-PTigwMVWNu4CB2W9Q7PEAEYASAAEgJkkfD_BwE
url,https://dlmagicapp.com/download/1686575908061665/coimhgadofnifgdmjcfbfajgkdcaedde/pdfcentral.exe?vid=9355c4f5-3f93-45fc-b730-f4fdd94f3264&cid=EAIaIQobChMI_OT9-O-qgQMVR46nCh0M2QmkEAEYASAAEgJ1RPD_BwE&source_id=&ch={"browserVersionList":[{"brand":"Chromium","version":"116.0.5845.180"},{"brand":"Not)A;B...
url,http://bl.searchpoweronline.com/v4/interpolate?EQwCEEpdEFAtTC0oNictRF9eQVFdQVggGw8ORF9bRFRdNlwqQidcUV1YFREbPQtLRwVaQlxYRFBTTFpeTFlaRVdcUVNdBxscHQ8MKwYAAAQZBAACFRUCGwFLRwUsMTsxNTE7KyMnNyQlNyo=
url,https://downloadgifs.com/download/1628694616891331/nadaplmcndhmcebimpmmdidmamkobmah/GifsMakerPro.exe?vid=e3e1feda-83cb-4c30-877d-92b1a06ff8ea
url,https://downpdfpwr.com/download/1636018850881182/fpjghfbaochalkfacjnhbbnmifiajejf/PDFpower.exe?vid=cb1c7d6f-78bd-403d-9aa1-5b9123f7901d
url,https://lookup.seekittral.com/?006728f052e10773a4486e2605079a9b=H1xAXFNHXl9bWVQNEQQwBw9cQ1pZQlpZXlhCVFFCXlhdVFQJDB0LUwgDEFoCRQ1bRlkQWwNZW15SWV9UAxVWQ15ZS1lWQ18MWVFGCEcXBw8FDxcAPh0LU10UQwJYAgEe
url,https://x8g2b3k5.ssl.hwcdn.net/PDFSuperHero.exe
url,https://www.googleadservices.com/pagead/aclk?sa=L&ai=COHr1NCxBZZCDPdyf2OMP4Zm7wAOlld_rc6W4oL3rEdWmoumOQhABIOGukiVgyY7GjfSk0BmgAY6ump0qyAEBqAMByAPLBKoEhAJP0AVkVu6xg94BRBj62l7kgf6w5abvrg91e7a368DWxf-6NLL0j_pB1_jaemuXKPM_XUs3QAXF0ExLEyKpO1Pe6oTEPQcw8EaaB29Ajilh4AmX264hME1eoc9xT9Ef2nTCYUwsBjWOeG6JUxGKQa7qMW22yZ20pcEM5Jo-qWGH70XikcMKaxR8faBRB6lac5zI90glPOb6Ymk4iFfsJE5ZYQFHZRCYXiGbvlquQAxeOdvb5tfUQrLqvuALYWKwk-QzLSFyg_hKE4L8ekoy_oheXT-_8ZwpdVBXB-kwycgF7eDWrAX-uwCkk6a1bvdTqe5aA_SFgJP7pWYpmqTR8Z0OGLIFYsAEiIbukdcEiAXAkPPaTIAHjubq_ASoB9m2sQKoB47OG6gHk9gbqAfulrECqAf-nrECqAeko7ECqAfVyRuoB6a-G6gHmgaoB_PRG6gHltgbqAeqm7ECqAeDrbECqAf_nrECqAffn7EC2AcB0ggUCIBhEAEYHzICigI6AoBASL39wTqxCeDoqm2G8-JagAoBmAsByAsBogwMKgoKCOS0sQLutbECqg0CVVPYEwyIFATQFQGYFgH4FgGAFwE&num=1&cid=CAQSPADICaaNhKkEgONaqdfSyKpAPOMqxJd879iVJJ5hw3md2gHQn8kOdOlmhf2vwnkYLkZcNEB0XO6e-JmxkBgB&sig=AOD64_0Zser_kY0vVu4sXDErZOSsX94R3Q&client=ca-pub-4369967448035531&rf=1&nb=0&adurl=https://pdf2doconvert.com/convert/?pid=71437&publisherid=71437&barcodeid=71437003&adid=40103020
url,https://downpdfpwr.com/download/1636018850881182/fpjghfbaochalkfacjnhbbnmifiajejf/PDFpower.exe?vid=72fa95f8-a182-4ec1-9747-c5ca4bcacbd7&ch={"browserVersionList":[{"brand":"Chromium","version":"110.0.5481.104"},{"brand":"Not%20A(Brand","version":"24.0.0.0"},{"brand":"Microsoft%20Edge","version":"110.0.1587.50"}],"platformVersion":"10.0.0","architecture":"x86","mobile":false,"platform":"Windows"}
url,https://pdfcentralapp.com/get-now/?campaign_id=20286346224&adgroup_id=150486381542&placement_id=www.activityshelter.com&creative_id=673101880691&utm_source=google_b2c&gclid=EAIaIQobChMIvp_M0pyFggMV0eZbCh1v7w2DEAEYASAAEgKKwPD_BwE
url,https://pdfsuperhero.com/convert/?pid=60355&publisherid=60355&barcodeid=60355003&adid=102020&gclid=EAIaIQobChMIp9enp7umgQMVfAv5AB14tw-hEAEYASAAEgJI6fD_BwE
url,https://adclick.g.doubleclick.net/pcs/click?xai=AKAOjst-ApNT9Z99PxPNV0UJ4PoGhsc2n_p-zHWTbut5baUrDK4YggRRYOs-btkYc2yz9A5EQSllAKqwxv8THwOOZanRilP5ysI-bRd9kcfrLk-gDsIU5E32LQrm6RAwViqU31y3oz6cpJQbFtdAQ3CB3XMrytm2WBXlljZ_uCg0uwZz8XKadBQPikdz1eGYMz9Q1MlAxiaBIcfHhHjb5he0Ug1MdzHJ-TOsxB3aIX-5giYc66fD6Yt8aBPPhZ4t-hVjiA0ebMnkhkZvXVE8mMIdIUk05lrO_x2goJ-zphrLTPCLABZXmi3MSMOZFsoozZp1ycxj8MbXMZ9mV_i9-lzXKpezPcGlDyh-c6uAaZPJBU-gxKE-LupFHJSp79LptF4e5Dtkh4qr4miED43xqbJuKYgi7vOFIlQYQ7ZIhQ1tbhtcOHhP8-H_aNNUsT8CLe5RZDJJtHPR1RZnJis3dpsMmRJROg6OT3kTXa78pSUAfy5aoekuCINQrVsGwe6v12wX7tuCXAW4JWrdwyIUW8ucb_UMzRmCpqPztDVR_HR0BRf3NCN2O9dJpiC7ycXM51IhPa_Mzya4Fitr6Zt0gwKmf_usjXeIL0nz1UmZWadM481s7loFnn4Bl2a9m0wBMpRriuvB0VGOcNDucPJ6jeeIJupRzDzZAcJaNuvEy5KCjJNEHUAPtOBT-SHHsSqi6Fjs4sAG7URpT2CMVdllcHUncDocpUyw65uRUP9b2IzQw7jQIsKIWaAtzj_F261mbOAs4PvP9xuoXKPjetLShInxci93nb-NrST83-87bbl1EhfERnsCJ-XzG6L8ew1PRxyCcExhqoXnQgMXNBBqDv8WEozq5NBkIdbsbFAtN73j_n9hPJwuAPZB_ZarosaVqcmmL8OUr_Z8o3fL1Ubw2DuoLoa5Ulsn9Wy8QCJeAL1dcGw8c4gGYPRXoyrvb2PRqA_QNtxlm-43JMULPHdJw0trpucTD7malFTmh0M5cd1AK6Qbm5th6FipK8Cw7sJ9vXTh5dVFRVdvSFE1LMyP4LKLuKgRQMb4LIi7188XeJIxXjpyV5oEutQlrvPVUFYfetGPxUBXW0UHt68RMIINOU0DWd1WUc4YHULoGG6J_bXtT69Nif1zAG0214o3wO9gZgdLn5amNfTVo5dZ2-JElY4mafbRRbPGyG4npWn-eozwftXp3q6GBfApcFzckpI_bSwNO3Fth3iiSwkQeKE3fEQaSxklBYsSp43a_73Y66zzNgAPCknF&sai=AMfl-YQ6BA0yCYMR8CxCsX2aI1PpsuAstN6RxHZBdiX3DR1pEgz0nY21kb7K67oNOzscTI21TESGDnRatLrKryBwINJGoMiqThn1mwZ2vImncLVGicj8FkKDqoef-rqoA0M7tqpdbhaAlgim-lYd1PfX6OcZXrsYKk2okqTQEHo1dp-tIQKp1X6z3Ize52QQIyTJxUN6W7ky858HCtLg3e7xoli51awzeJ45TdMT9jG97UCiClZSlmV0F8WOlPWgLiR4WKHIJR38XWD8K7lwNHRq-rhKfA7FTaLzQzjJZYe3DbBBlloXRBryM7Yb5drh2J2O0nyPTMUkfhyv2g&sig=Cg0ArKJSzDsrfyTMeqEA&fbs_aeid=[gw_fbsaeid]&urlfix=1&nx=801&ny=46&dim=970x90&adurl=https://www.pdfmagicapp.com/install-now/?utm_source=dv&utm_medium=cpc&bd=dvmgic&d_id=dv_b2c&adsxt_publisher_id=pub-1601477034266482&campaign_id=19580047188&creative_id=468021405&insertion_order_id=1010327529&exchange_id=1&source_url=https://www.thecoolist.com/military-time/&publisher_id=1&lp_id=install-now
url,https://app.gifsmakerpro.com/
url,https://downloadgifs.com/download/1628694616891331/nadaplmcndhmcebimpmmdidmamkobmah/GifsMakerPro.exe?vid=e112d861-5d0f-4fbf-99cd-cafcc90f38f5
url,http://start.searcharchiver.com/time?session_id=bee36f9f-8bfb-417b-b6cf-4fc9560d7ece&app_id=1612878710864450&emid=1F8BFBFF00050657None005056A0F835&install_version=1111&identity=searcharchiver&sig=GS_MEDIAARENA_ZIPRAR_SIGNATURE&download_browser=edge_chrome&os_version=10.0.17134&r=2038459626
url,http://start.searcharchiver.com/time?session_id=6208d689-39df-47c0-8a4d-517a4c4bfc05&app_id=1612878710864450&emid=1F8BFBFF00050657None005056A03060&install_version=1111&identity=searcharchiver&sig=GS_MEDIAARENA_ZIPRAR_SIGNATURE&download_browser=edge_chrome&os_version=10.0.17134&r=286430544
url,https://lookup.searchitral.com/?2c2610fe08fe34c5d02d58f8c2990527=H1xAXFNHXl5bV1QNEQQwBw9cQ1pZQlpZXlhCVFFCXlhdVFQJDB0LUwpSQ1VRTFlXRlJKWQRZWw8IBV8NB0MKQwkARlgFEA1YDwBKXEcXBw8FDxcAPh0LUwBWBFwKDR8c
url,http://ocsp.globalsign.com/gsgccr45evcodesignca2020/ME0wSzBJMEcwRTAJBgUrDgMCGgUABBQaCbVYh07WONuW4e63Ydlu4AlbDAQUJZ3Q/FkJhmPF7POxEztXHAOSNhECDBKIaOubOvx8/a4v7g==
url,https://pdfixers.com/downloadFixer.html?campaign_id=21008857347&adgroup_id=159850162738&placement_id=www.typecalendar.com&creative_id=691436662072&gclid=EAIaIQobChMI6IjMj-fJhAMVwrmOCB2HzA9SEAEYASAAEgJVUfD_BwE
url,https://downloadarchiver.com/download/1642581644641386/akdbinaonbobhdlfljkojpjkiendlcpm/ziprar.exe?vid=15e05779-f73e-48dd-9f27-99c57861ca2e
url,https://pdfsuperhero.azureedge.net/clone/PDFSuperHero.exe
url,https://start.searcharchiver.com/nav?emid=0F8BFBFF00050657QM00005421A8A022&appId=1612878710864450&string_interpolation=GET_PRONTO_APP_NAME
url,https://x8g2b3k5.ssl.hwcdn.net/clone/PDFSuperHero.exe
url,https://downloadgifs.com/download/1628694616891331/nadaplmcndhmcebimpmmdidmamkobmah/GifsMakerPro.exe?vid=74db5dcf-b385-4ecb-9533-b00cad23c75e&ch={"browserVersionList":[{"brand":"Chromium","version":"110.0.5481.77"},{"brand":"Not%20A(Brand","version":"24.0.0.0"},{"brand":"Microsoft%20Edge","version":"110.0.1587.41"}],"platformVersion":"15.0.0","architecture":"x86","mobile":false,"platform":"Windows"}
url,https://pdfknight.com/convertnow/pid=71576&publisherid=71576&barcodeid=71576003&adid=50103020?gclid=EAIaIQobChMIw6Kf5dzsggMVj8RkCh0OzQr7EAEYASAAEgJ-BfD_BwE
url,https://adclick.g.doubleclick.net/pcs/click?xai=AKAOjstA5ShQtw-X6imTcsEAfoS6NuR5tfdurQyqWEq2ITEWIrffuXHV446gIOmmmAC2uMZYm3NT7jAaF2ZwQWE3Ztxeup0bpFIvcHxGdXJtowGStmneLfE_1IB9HHPsLS8dvlh7OfPNV1Df22JjfWhxK3wTeci-UrI58NHn_Bm90S8iUSAk9cWKLYFop7jin2jTvpNBVoRTMkabK0xbUAczXnovTntncun59cBT1lzRcUcey23D7om7ocv4EWKLSEggKl6l4OLzXNXSv7qtfbgI3Xp5VEqEsSmnrSdyJh1mmu0vriY2BD3S-0tfGnmFmq63rtu3b3U9-sovXtGwAbkrscejhcR6AOmm4-loDpOQATxZJ5rvinOlQWy4qO2g1s0ZPb_J9McdZY65ee3sv3Zzp92-MUEvbJBXC36hZ_qjyL9ay10BHCv02XYKS9wP1-VNGsqeMhHol60Zzty79tQbbj_wWbGNKaJHNWS3p5GrrZrmXexpLEbM_ZGWq9ltWYSTR6qAUDEMbAhl9jI_0no816-nRK7sBxrzvKOI2ZHel8_17AAzOuiV5SCXNvNHnEICuVV2Gm7QKVGcD4RzCiGNnIstCaFwynpyqQf77q5MyD2AGrzAlIWI8qU8KIHqJIC2i47SIokqg1VLtGdTJk7G4v8Kbyn0TO4KcavgOXXqGYeCz5I-gj3FlOwS2mIvp8AotioLwF23fMZILpvby-iXQp2I6Usonw1BgzXdR07QUfL1nLnEVD8SJWtpYDLvMrAbho2ncFeAXgdxkn53-NwrJGtNE63kwzIo3jfq4Yn5XKTo7WRTeBrw7R9k0guF1I30VfHxV0rUMAOxFKuHqz_j1OfhuFVww1E_Z1iWRUS17ZF61erXfQlHtQKxsmXZU2WS9vVIh4O1eclHno9MnikryWkEcQ5SIpowLUy14fd4cAGtWSXKl2rJvqW3TmROxt-wIUNRrrk5SOJyoWuj-UsUvET-IG2m0vMTIF1QHwqreTQoGwz2NqIYoD93nILKvtbEhaalYdOovR0sZ8w721mL8xdqjXCLnPNaNjNLKdGyza52BuofCukgYtyw5mq9VMHiAi5YxNaWjL75vT8qdV3aM1Vj52U9Qkv00WTcmHLUfT6TDJFc0RCWCqCuytjuS7IGKwuCoBDw6oYap7bVx-tEBumXomOUTv9HU-Eysdk0W18vOE2AxjNyBLi-kgtQ7RNDNKS1T6FJh869-PA7pb9ek6751I8a2iYZaZWwX1plVWTMuCeG&sai=AMfl-YRRKsmy_S4Wi0QWnHIgRga6jiM1KQi2B5cUJmcKeZbJrZfKECcGiwOwkVHNYkYDC4J6PPJq-STLy4JWxdq4CHwlpvJPXD5fhzguG5GVRdUe9Hhbsu30RiV7J50is4t2s9rwwNK8SWBWx7CgtTwgDRWQ7YOM7oWNZhGR-wWjhG4d3DPbGfoKlfRZbx4ct5bV35rrXcHBM_rLH-BRI_DZOztFH0mqCTK65VyNDz8U8Nn7vmFNE8DzopPVd1Czr8CmgS9YWVj9hX7EH03YGCiMuDjkuEA6armE457sjpYoayxEdJTHT9Xq-aGfOFtQ6u3-OuwRMcr1Il8Fng&sig=Cg0ArKJSzEF6XhPRg3uX&fbs_aeid=[gw_fbsaeid]&urlfix=1&nx=770&ny=43&dim=970x90&adurl=https://www.pdfmagicapp.com/install-now/?utm_source=dv&utm_medium=cpc&bd=dvmgic&d_id=dv_b2c&adsxt_publisher_id=pub-1601477034266482&campaign_id=19580047188&creative_id=468021405&insertion_order_id=1010327529&exchange_id=1&source_url=https://www.thecoolist.com/military-time/&publisher_id=1&lp_id=install-now
url,https://downpdfpwr.com/download/1636018850881182/fpjghfbaochalkfacjnhbbnmifiajejf/PDFpower.exe?vid=088c7bd8-331c-4b5a-8dcf-773154815f2a&ch={"browserVersionList":[{"brand":"Not_A%20Brand","version":"99.0.0.0"},{"brand":"Microsoft%20Edge","version":"109.0.1518.78"},{"brand":"Chromium","version":"109.0.5414.120"}],"platformVersion":"10.0.0","architecture":"x86","mobile":false,"platform":"Windows"}
url,http://ctldl.windowsupdate.com/msdownload/update/v3/static/trustedr/en/authrootstl.cab?89dee33b755d41dd
url,https://www.googleadservices.com/pagead/aclk?sa=L&ai=CD_XmYSgLZbzpPKmg_tMPiqSoKMy_uYZzrsOu39gRiISFngsQASCStIcDYMmOxo30pNAZoAHolLnQKMgBCagDAcgDy4SAgASqBNEBT9ATT7lvNB86ozzqbhlVIfJXcKALlYuR0iPPNTICrvMsBKYk30e_YT6MFBRi5G22w4kr4tI25BNZDvVlgsgyXC5MRCeZtSAIwGDX4BlG7_WAvR1rpnErBKquuiPV7kNs5O0uP9jGcjDzxtEAkS_6BEs3_Lc5SpSFJQZem3Y0Lfdv_ikJ4kZxDrGPk8cYueiY8IYd8NduLE2tBz1EqweA92fgGYczZLNV4IWj35ulPE5g6qxhJHL3X_oDEoiiifTRmbBMrfEHxzV6D420lYgdCSfABJjOurS3BIgFm5T5g0ygBi6AB-jMibADqAfZtrECqAeOzhuoB5PYG6gH7paxAqgH_p6xAqgHpKOxAqgH1ckbqAemvhuoB5oGqAfz0RuoB5bYG6gHqpuxAqgHg62xAqgH_56xAqgH35-xAtgHANIIFAiAYRABGB8yAooCOgKAQEi9_cE6sQnQ4eWsp9-hzYAKAZgLAcgLAYAMAaoNAlVTyA0BuBPkA9gTDIgUBdAVAfgWAYAXAQ&ae=1&gclid=EAIaIQobChMI_J3Fh9i5gQMVKZB_BB0KEgoFEAEYASAAEgK6SPD_BwE&num=1&cid=CAQSOwBpAlJWy5VAgCVrJg55q7V7cdkOKhCHY5wVyPheWrjXZEcbYV8Ild49OMas72-2WgJqtD0Oor-06PdjGAE&sig=AOD64_1yUw1SfoLhQLPG_qUenmeAiTprPA&client=ca-pub-4193547076534677&rf=1&nb=19&adurl=https://pdfcentralapp.com/get-now?campaign_id=20409371163&adgroup_id=152312915736&placement_id=www.manua.ls&creative_id=667724361281&utm_source=google_b2c&gclid=EAIaIQobChMI_J3Fh9i5gQMVKZB_BB0KEgoFEAEYASAAEgK6SPD_BwE
url,http://lookup.searchshar.com/
url,https://application.ziptechapp.com/
url,https://www.googleadservices.com/pagead/aclk?sa=L&ai=CBwN-yo9vZYPMF6eYi9YPt9CNmAGk4Yj6c76nmpn8EanOz7PUPxABIOmP6ANgyeaBjMyk1BmgAYegtOcoyAEBqAMByAPLBKoEsQJP0IWeoZYd-PMYIdkxs83UK02sq4HnxJkw79aO-LoUKVExe8yvJioi8e1bkWlA2BMBls7eiiPxOx03hyBL9YA0AQ2BrVYHL_bPFflHoRKdSdWOIDd_GrRlnJblYrYN9QRmCF37M0yFstvkPYzHgpjAYKfsbP8LsrV-Q1lVb-La2RKcs9MOv0m09zVQbe2CJ7srF4jOhSQKyXstBw4CaDAAgzwTwnwGL6vH-9HSozs47O8t862zidGTSvFnsJBFKVUSVtpmE723mbbsCWDXTvOJT4rMNq6eGFtj7-tMqWNLZNGyH5d9yuD63_8NKGmII7dT9GQOpf4armDg26dM4DN1lb5SnOXFRY_ob4_sY1HWC_Sn0mk4x07V8ysgYBqpJ2xqpxTFA4GEV9TIRPC9l0FU9MAEsJmA47sEiAXPg_evTIAHh9iExwOoB9m2sQKoB47OG6gHk9gbqAfulrECqAf-nrECqAfVyRuoB6a-G6gHmgaoB_PRG6gHltgbqAeqm7ECqAeDrbECqAf_nrECqAffn7EC2AcB0ggfCIBhEAEYHzICigI6BIBAgEBIvf3BOliKucfemPmCA7EJUa85U36gkAGACgGYCwHICwGiDBAqDgoM5LSxAu61sQK1uLECqg0CVVPIDQHYEwzQFQH4FgGAFwE&ae=1&gclid=EAIaIQobChMIg9nH3pj5ggMVJ8zCBB03aAMTEAEYASAAEgKKc_D_BwE&num=1&cid=CAQSPADICaaNtY-W1kWrb88dQtklMVFE-HA9GeS5qjp5KByvLkJ3g-nJg7kOA5TVbQOosAdEepB-0ZxNIv3DWBgB&sig=AOD64_05kD5QGGAJmZI_LX18ySi5gFpYeg&client=ca-pub-1814926481161688&rf=1&nb=8&adurl=https://pdfsuperhero.com/convert/?pid=60355&publisherid=60355&barcodeid=60355003&adid=20101020&gclid=EAIaIQobChMIg9nH3pj5ggMVJ8zCBB03aAMTEAEYASAAEgKKc_D_BwE
url,https://www.freedocumentconverters.com/
url,https://www.ziprararchiver.com/thankyou?tyid=BFEBFBFF000806EC0025_3882_11B6_C79A.3CE1A1B7943D
url,https://www.googleadservices.com/pagead/aclk?sa=L&ai=C_V40yREJZMbhLrestOUPlI-V-AfM_PSzb4OH0oWFEeCF8bXYFBABINSxhyRgyY71i8yk2BmgAeiUudAoyAEG4AIAqAMBqgSGAk_QlFM4Bkp5rGj9ALNB1TrS1Np2Ym-b7TzAb-l6UsZ4IqiTztjD0e0De34-M7CaMeRpwT4SJl-8TWLpPtDtt7UxTSs35WqMno134IsnnsSNzqePXZMTwQ-HeihfEG8fe1O4RCnkFHwQdMDnVpG3lMzTGXQbuidAFX7WB9MC4dfHkksaTp7QskiD4ZoJySgzr67qa5Xc9IMoxtYUx5blZID1Kdxray4MihRGyIrOOzIhsdX8qSqZik9B6bHXD46WD1Qs97z0NI7Ago_y8i6J5unDABO-Y1LbQkXqHkp0_OwBvQ5EMFq2QQFfTgUNHuTvf4iMkO9Wiac_L6AxKn-0q55gCT_Vh7_ABOrSyZmlBOAEAYAH6MyJsAOoB47OG6gHk9gbqAfulrECqAf-nrECqAeko7ECqAfVyRuoB6a-G6gHmgaoB_PRG6gHltgbqAeqm7ECqAf_nrECqAffn7EC2AcB0ggPCIBhEAEYHTICigI6AoBA8ggbYWR4LXN1YnN5bi0zNzE5NzcxMjg4Mjc3MjYxsQmq9y6O9NeuJoAKA5gLAcgLAbgMAdgTDNAVAfgWAYAXAQ&ae=1&num=1&cid=CAQSTQDUE5ymZwjTXImqsssV1Y5TM9Uf0P5oexP4t_bE1FzK-YatAKpSKmXhsL_lYq3DGdCOvrLm_E2gDEvhZbEoYBY2C2jXkPvxyAHWds3DGAE&sig=AOD64_3U3VCvBP2HY1tZKPhdYzFss8zfJg&client=ca-pub-1601477034266482&rf=4&nb=8&adurl=https://www.pdfsharkapp.com/install-app/?dist=ggl&campaign_id=19719863430&adgroup_id=147424700778&placement_id=www.thecoolist.com&creative_id=649036398922&bd=PSUSGENRS&d_id=ggl&lp_id=install-app&appid=1651396215983137&gclid=EAIaIQobChMIhuqznbbN_QIVNxatBh2URwV_EAEYASAAEgJk3fD_BwE
url,http://bl.searchpoweronline.com/v4/interpolate?EQwCEEpdEFAtTC0oNictRF9eQVFdQVggGw8ORF9bRFRdNlwqQidcUV1YFREbPQtLRwVaQlxYRFBTTFpeTFlaRVdcUVNdBxscHQ8MKwYAAAQZBAACFRUCGwFLRwUsMTsxNTE7Ky4sOzQ/
url,https://downpdfpwr.com/download/1636018850881182/fpjghfbaochalkfacjnhbbnmifiajejf/PDFpower.exe?vid=d61d9125-0ea2-4abf-9d66-245b92f6a672
url,http://bl.searchpoweronline.com/v4/interpolate?EQwCEEpdEFAtTC0oNictRF9eQVFdQVggGw8ORF9bRFRdNlwqQidcUV1YFREbPQtLRwVaQlxYRFBTTFpeTFlaRVdcUVNdBxscHQ8MKwYAAAQZBAACFRUCGwFLRwUsMTsxNTE7Kz88PTcqNzY=
url,http://bl.searchpoweronline.com/v4/install/first_time?HQ8YAA4CGD4dER0dHQ4FUVwKRURZQhwLBxICGwExHQVORwssN1kuMClcTUwpMV9XWVUvQy5DNiQpN0JeQiVTTVZdMlgqRy1LRlcKBB8xHQVORwtfQlJdRF5WTFRbTFdfRVlZUV1YBwgMUVwKMzI0OTY6MSIjKz8qMjEkIyo8KzIiMyEvIDQ5MUpcQgQGHQtLRwVaMlcsMiMtMl9eRFRbQlpZOg4FEV9eQVFeQi1dMFctQ0pcQggPEQEaHRUSUVwKBwQKBgwGBA4cER0BGg0CGgpLRlcPGxgAGA4KEDAMBg4cBwocUVIPEQsJET4IHB0BGQRORlkBBz4dER0dHQ4FUVwKRVFFREFfQ1BYQEpcQhNORwtfQVdTQlZeRlVZ
url,http://ocsp.globalsign.com/gsgccr45evcodesignca2020/ME0wSzBJMEcwRTAJBgUrDgMCGgUABBQaCbVYh07WONuW4e63Ydlu4AlbDAQUJZ3Q/FkJhmPF7POxEztXHAOSNhECDFrmC5iwSQgzokFQ3g==
url,https://www.googleadservices.com/pagead/aclk?sa=L&ai=CV61D07IRZdVGxYTktw_b-ILABcy_uYZz5sGu39gRxISFngsQASDZiu6TAWDJjsaN9KTQGaAB6JS50CjIAQHgAgCoAwHIAwqqBK0DT9D6-LcTmSrEP7mNX1O-ZuLO5CRv7lpHE8HF4Mq36RXTli8Hwp0Lb2R9cVVmQs4g2uE0JmDzKchiOTi0TG5pjfJs7eu7DLISoernUkKakJ1C83m7i6WcBvPvNbuTqYdf2j_BRWm7BTveSV3-hKiNP9mUSPCgxaHoJ4j6dInIMLZV359DfjcW0e1_t9pTS0SMuAq3ye0rTeCnptEg5hlYMD0Jt5UdtfcGfhuQW78aD5nq4gDQWUXM6ypmECWUmyGcHViQfHmWxa1TaQ2-r33XmYKvaE7JG3XAPMAemrFzAXuccbCRDKH5YdAeJC-DpqYDq1M86UjdIRRHqi3vSPnToN0ID3qGrr-R9ndNw3iU-Et35d1Nj-v6SFYXW8Pu8_AVbJvb9h-zBiilE3qMrzx6QLwhpclRqmrX6ClC24ZFk9ZxSLMysqbPNEQA-qVb9r5ahMYHMgnktZi3TQPp5hXeffEKcLEtv8dFf2DxfJrZsR-wyfXoyeJ0XZyTEMPxSdiS23yF4gGP7bxUCTZbKsQTDAClIOldZp222F2Is939ki-qixEbFob426VsbX5xwATwzbq0twTgBAGIBZuU-YNMgAfozImwA6gH2baxAqgHjs4bqAeT2BuoB-6WsQKoB_6esQKoB6SjsQKoB9XJG6gHpr4bqAeaBqgH89EbqAeW2BuoB6qbsQKoB4OtsQKoB_-esQKoB9-fsQLYBwHSCBgIgCEQARgfMgEKOgef0ICAgIAESL39wTqxCXpYZvrcnTKIgAoDmAsByAsBqg0CVVPIDQHYEwyIFATQFQH4FgGAFwE&ae=1&gclid=EAIaIQobChMIlfyQ95TGgQMVRQL5AB1bvABYEAEYASAAEgJHLfD_BwE&num=1&cid=CAQSKQBpAlJWNnb5-LSVOEWzf2MBr75yHH9Z_s3YXM3xHWwBTZY4j3fTZe5zGAE&sig=AOD64_0C1zy0FINnXaWHH4PRZaPh3P9ahw&client=ca-pub-5997689380583301&rf=4&nb=8&adurl=https://pdfcentralapp.com/get-now/?campaign_id=20409371163&adgroup_id=152312915696&placement_id=www.fiercehealthcare.com&creative_id=667724361275&utm_source=google_b2c&gclid=EAIaIQobChMIlfyQ95TGgQMVRQL5AB1bvABYEAEYASAAEgJHLfD_BwE
url,https://pdfalcon.com/continue/?campaign_id=20505726164&adgroup_id=156566024561&placement_id=www.free-printable-calendar.com&creative_id=677940590520&utm_source=google_b2c&gclid=EAIaIQobChMIr9ysjdOoggMVBhH5AB1xNQxjEAEYASAAEgIixPD_BwE
url,https://downloadarchiver.com/download/1612878710864450/akdbinaonbobhdlfljkojpjkiendlcpm/ziprar.exe?vid=a9c18cd4-be17-4a8f-89bd-314e0f74f8e4
url,https://www.pdfconverterpower.net/continue/?dist=ggl&campaign_id=16383851205&adgroup_id=133788643637&placement_id=www.pngitem.com&creative_id=642942768947&bd=PCUSSIMRS&d_id=ggl&utm_source=google&utm_medium=cpc&gclid=EAIaIQobChMI3vfr0eav_QIViN9iCh0QbA72EAEYASAAEgIx6fD_BwE
url,https://www.gifsmakerpro.com/
url,https://downpdfpwr.com/download/1636018850881182/fpjghfbaochalkfacjnhbbnmifiajejf/PDFpower.exe?vid=847f05f4-6dd7-4162-a757-7bb63092176e&ch={"browserVersionList":[{"brand":"Not_A%20Brand","version":"99.0.0.0"},{"brand":"Microsoft%20Edge","version":"109.0.1518.70"},{"brand":"Chromium","version":"109.0.5414.120"}],"platformVersion":"10.0.0","architecture":"x86","mobile":false,"platform":"Windows"}
url,http://ctldl.windowsupdate.com/msdownload/update/v3/static/trustedr/en/authrootstl.cab?2e3ea2a6b5189da1
url,http://x8g2b3k5.ssl.hwcdn.net/
url,https://portal.pdfsuperhero.com/
url,https://xif.centlint.com/v6/
url,https://downloadgifs.com/download/1628694616891331/nadaplmcndhmcebimpmmdidmamkobmah/GifsMakerPro.exe?vid=55e8500e-8cf9-4ce6-a6f0-28387aef026c&ch={"browserVersionList":[{"brand":"Microsoft%20Edge","version":"111.0.1661.54"},{"brand":"Not(A:Brand","version":"8.0.0.0"},{"brand":"Chromium","version":"111.0.5563.111"}],"platformVersion":"10.0.0","architecture":"x86","mobile":false,"platform":"Windows"}
url,https://downloadsrk.com/download/1651396215983137/anocghhfandehebldfjjegnbkfebglco/PDFSharkApp.exe?vid=e3f12bcf-ac97-42b3-9eb3-d94c1f02ba26&ch={"browserVersionList":[{"brand":"Microsoft%20Edge","version":"111.0.1661.44"},{"brand":"Not(A:Brand","version":"8.0.0.0"},{"brand":"Chromium","version":"111.0.5563.64"}],"platformVersion":"10.0.0","architecture":"x86","mobile":false,"platform":"Windows"}
url,http://www.moffsoft.com/download/MoffFreeCalcSetup.exe
url,http://bl.searchpoweronline.com/v4/interpolate?EQwCEEpdEFAtTC0oNictRF9eQVFdQVggGw8ORF9bRFRdNlwqQidcUV1YFREbPQtLRwVaQlxYRFBTTFpeTFlaRVdcUVNdBxscHQ8MKwYAAAQZBAACFRUCGwFLRwUsMTsxJDMkOjshKyA7JDAnNy4lKzo8OA==
url,https://gpt.centixclient.com/v6/
url,https://downpdfpwr.com/download/1636018850881182/fpjghfbaochalkfacjnhbbnmifiajejf/PDFpower.exe?vid=1e01767b-c69a-413e-ba32-80daea64e2e4&ch={"browserVersionList":[{"brand":"Not_A%20Brand","version":"99.0.0.0"},{"brand":"Microsoft%20Edge","version":"109.0.1518.78"},{"brand":"Chromium","version":"109.0.5414.120"}],"platformVersion":"10.0.0","architecture":"x86","mobile":false,"platform":"Windows"}
url,http://ocsp.globalsign.com/rootr3/MFEwTzBNMEswSTAJBgUrDgMCGgUABBT1nGh/JBjWKnkPdZIzB1bqhelHBwQUj/BLf6guRSSuTVD6Y5qL3uLdG7wCEHgDGEJFcIpBz28BuO60qVQ=
url,https://downpdfpwr.com/download/1636018850881182/fpjghfbaochalkfacjnhbbnmifiajejf/PDFpower.exe?vid=6edbe289-f517-4c62-bc0a-e65a1e6ebc04
url,https://downloadgifs.com/download/1628694616891331/nadaplmcndhmcebimpmmdidmamkobmah/GifsMakerPro.exe?vid=b2cd2874-5bc6-4546-865a-6b507d4eb484
url,https://www.calendar-12.com/printable_calendar/2024
url,https://downloadarchiver.com/download/1612878710864450/akdbinaonbobhdlfljkojpjkiendlcpm/ziprar.exe?vid=8622f28e-7568-4ba5-86ed-803df8a1020c
url,https://free-pdf-plus.com/builds/download.php?gdn=1&cid=&kw=&os=10&bro=e&subid=null
url,https://lookup.searchshar.com/?2c439b7acc2b461b4474ef5ed257daf4=H1xAXFNHX1dbV1QNEQQwBw9cQ1pZQlpZXlhCVFFCXlhdVFQJDB0LU15TFFoAFg4MRgJCXFRZW1wOWV8NAkIKQw5QQVgAQl5eXlgRDUcXBw8FDxcAPh0LU18QClpQE1cM
url,https://por.pdfcentralapp.com/v5/W1BfQQxcFVVZWVsLTAVGQF9YQkwKQVZaWVUNEldaTFQJRVldFk5aQldYQVZeTV9WRFdaQllbW1BdTV5XQ1FZRV4=
url,https://downpdfpwr.com/download/1636018850881182/fpjghfbaochalkfacjnhbbnmifiajejf/PDFpower.exe?vid=b1c31293-5a37-4bcb-b4de-abdaab0c27b9&ch={"browserVersionList":[{"brand":"Microsoft%20Edge","version":"111.0.1661.44"},{"brand":"Not(A:Brand","version":"8.0.0.0"},{"brand":"Chromium","version":"111.0.5563.64"}],"platformVersion":"10.0.0","architecture":"x86","mobile":false,"platform":"Windows"}
url,https://lookup.searchitral.com/?2c2610fe08fe34c5d02d58f8c2990527=H1xAXFNHXl5bV1QNEQQwBw9cQ1pZQlpZXlhCVFFCXlhdVFQJDB0LUwpSQ1VRTFlXRlJKWQRZWw8IBV8NB0MKQwkARlgFEA1YDwBKXEcXBw8FDxcAPh0LUwBWBFwKDR8c&q=%25s
url,http://bl.searchpoweronline.com/v4/interpolate?EQwCEEpdEFAtTC0oNictRF9eQVFdQVggGw8ORF9bRFRdNlwqQidcUV1YFREbPQtLRwVaQlxYRFBTTFpeTFlaRVdcUVNdBxscHQ8MKwYAAAQZBAACFRUCGwFLRwUsMTsxJDMkOjshKyA7JDAgNSwu
url,http://pdfconvertychrome.ssl.hwcdn.net/PDFConverty.exe
url,https://www.pdfconverterpower.com/goodbye
url,https://ziptechapp.com/download/
url,https://www.google.com/search?q=free+march+2024+calendar+printable&sca_esv=df09c7f462242355&rlz=1C1CHBD_enUS894US894&ei=HO_cZYSiNcO40PEP8pWtgAs&oq=free+march+2024+calendar&gs_lp=Egxnd3Mtd2l6LXNlcnAiGGZyZWUgbWFyY2ggMjAyNCBjYWxlbmRhcioCCAEyBRAAGIAEMgUQABiABDIFEAAYgAQyBhAAGAcYHjIFEAAYgAQyBhAAGAcYHjIGEAAYBxgeMgYQABgHGB4yBhAAGAcYHjIFEAAYgARIoTxQAFiuG3AAeAGQAQCYAVmgAaQDqgEBNbgBAcgBAPgBAZgCBaACwwPCAhAQABiABBiKBRhDGLEDGIMBwgITEAAYgAQYDRixAxiDARixAxiDAcICBxAAGIAEGA3CAgoQABiABBgNGLEDwgINEAAYgAQYDRixAxiDAZgDAJIHATU&sclient=gws-wiz-serp
url,https://pdf.wisewebsearch.com/
url,http://start.searcharchiver.com/time?session_id=e38cef2b-24ab-4f08-acfc-6b8d056453c5&app_id=1642581644641386&emid=0F8BFBFF00050657QM00005421A96033&install_version=1111&identity=searcharchiver&sig=GS_MEDIAARENA_ZIPRAR_SIGNATURE&download_browser=edge_chrome&os_version=6.1.7601&r=838564013
url,https://www.free-pdf-pro.com/lps/pdft/?gclid=EAIaIQobChMIvZfu_fXrgQMVa97nAx2gnQNzEAEYASAAEgKxsvD_BwE
url,http://ctldl.windowsupdate.com/msdownload/update/v3/static/trustedr/en/pinrulesstl.cab?3d1ac01db83eaa7c
url,https://adclick.g.doubleclick.net/aclk?sa=l&ai=CWdZtouAJZfypIprxuvQPtcWK8AOow6HlcpDKu5PnEYL3tJDdPBABIJK0hwNgyYaAgPSk0BmgAYegtOcoyAEJqAMByAPLBKoE7AFP0MKRYAW0XGqQGgm6RI0l88XEqCSNkltCOyOBoe1zFwuIkAuQy1R_zKzFStAxf4QP5KMzIqr39p-xNaWHhuf10jg5-uHppFqSiFJzeZVzVmzPx7oAc_AB5Skv7CeQf72f-WwnD6emV2fHfh-M_w2Ds6KlazsErP5UTVr8edN0VYkDDyC8iYqTV6NDSX-9lZmd_ehm8J-ddq0npaLtw1i6_2lIQFJUilhGxsMYjjp8-fj3URYj3v2e5APAzpk1wJFsyr4ER5UW6WfGo5rbyzhkq6PVZg4FG8lIvCxxR-nAfCzKRGp30B21PADlJsAE_uTV7KgEiAXhuLmmS6AGLoAHh9iExwOoB9m2sQKoB47OG6gHk9gbqAfulrECqAf-nrECqAeko7ECqAfVyRuoB6a-G6gHmgaoB_PRG6gHltgbqAeqm7ECqAeDrbECqAf_nrECqAffn7EC2AcA0ggUCIBhEAEYHzICigI6AoBASL39wTqxCcW2f9j21NLEgAoBmAsByAsBgAwBogwMKgoKCOS0sQLutbECqg0CVVPIDQG4E-QD2BMMiBQC0BUB-BYBgBcB&ae=1&gclid=EAIaIQobChMI_IKiv5-3gQMVmriOCB21ogI-EAEYASAAEgJ7EPD_BwE&num=1&cid=CAQSOwBpAlJWOSgAMePHTqSfdKBRHarcO8SzQb8t29gI9T_M30LCh8mqeISRV_QZUjFB8rRi4QDRbjVJGdGMGAE&sig=AOD64_20ou1cKj5kkS5rkBQFDn67EAUC4A&client=ca-pub-4193547076534677&rf=1&nb=8&adurl=https://pdfsuperhero.com/convert/?pid=60355&publisherid=60355&barcodeid=60355003&adid=102020&gclid=EAIaIQobChMI_IKiv5-3gQMVmriOCB21ogI-EAEYASAAEgJ7EPD_BwE
url,http://free-pdf-convert.com/lps/typ/?offer=true
url,https://www.pdfsharkapp.com/install-app/?dist=ggl&campaign_id=18365440993&adgroup_id=146620546972&placement_id=householdmanuals.com&creative_id=643117260905&bd=PSUSGENRS&d_id=ggl&lp_id=install-app&appid=1651396215983137&gclid=EAIaIQobChMIhbvQvqe7_QIVKgutBh08CwKgEAEYASAAEgJhCfD_BwE
url,https://downpdfpwr.com/download/1636018850881182/fpjghfbaochalkfacjnhbbnmifiajejf/PDFpower.exe?vid=b2d3bb87-e797-4fb5-aebf-187b00dc2f91
url,https://dlmagicapp.com/download/1686575908061665/coimhgadofnifgdmjcfbfajgkdcaedde/pdfcentral.exe?vid=9dd0e113-09db-41dc-a2d3-924643b87185&cid=Cj0KCQiAgK2qBhCHARIsAGACuzkRdhlvSY9DoHRwAUmdQj-1wy6MCAgD-Uo7Pq0XZfz8FCl7DGKKgGYaAgKkEALw_wcB&source_id=&ch={"browserVersionList":[{"brand":"Microsoft%20Edge","version":"119.0.2151.44"},{"brand":"Chromium","version":"119.0.6045.105"},{"brand":"Not?A_Brand","version":"24.0.0.0"}],"platformVersion":"10.0.0","architecture":"x86","mobile":false,"platform":"Windows"}
url,https://downpdfpwr.com/download/1636018850881182/fpjghfbaochalkfacjnhbbnmifiajejf/PDFpower.exe?vid=5f5fa789-8a5e-4403-a6c9-e4bb042fd173&ch={"browserVersionList":[{"brand":"Not?A_Brand","version":"8.0.0.0"},{"brand":"Chromium","version":"108.0.5359.125"},{"brand":"Microsoft%20Edge","version":"108.0.1462.54"}],"platformVersion":"10.0.0","architecture":"x86","mobile":false,"platform":"Windows"}
url,https://dl-zipro.com/download/1686835099060422/iknjkefbldpccblgkbmoklpdmgaoclkc/ziptech.exe?vid=6df86e83-a71d-4dbc-bd70-cee190068609&cid=EAIaIQobChMItrOzhaC_gQMV8w12Bh3IXgW9EAEYASAAEgJu1PD_BwE&source_id=&ch={"browserVersionList":[{"brand":"Microsoft%20Edge","version":"117.0.2045.36"},{"brand":"Not;A=Brand","version":"8.0.0.0"},{"brand":"Chromium","version":"117.0.5938.89"}],"platformVersion":"15.0.0","architecture":"x86","mobile":false,"platform":"Windows"}
url,http://pdfcentralapp.com/
url,https://pdfcentralapp.com/get-now/?campaign_id=20409371163&adgroup_id=152312915696&placement_id=www.fiercehealthcare.com&creative_id=667724361278&utm_source=google_b2c&gclid=EAIaIQobChMIjvTe3J6ZgQMVDcdbCh0bpwwkEAEYASAAEgJxUvD_BwE
url,http://nsp.screensearchutils.com/?c3dfa39a7882baa252ded21e84a75c4d=H1xAXFNHX1xaVVQNEQQwBw9cQ1pTTFlWW1JGXVZAXVdaU1QJDB0LUyknNy4nNikoW1FCW1FCKlsqIjdYPkYqXls+Sy1RNjArKVlGQiIyKyhdUDFVWE0uWw==
url,https://dlmagicapp.com/download/1686575908061665/coimhgadofnifgdmjcfbfajgkdcaedde/pdfcentral.exe?vid=c02c1baa-1c36-4e22-8bce-39bb20525a36&cid=EAIaIQobChMIyZv77LLvgQMVGYWnCh2rfQqbEAEYASAAEgKPVfD_BwE&source_id=&ch={"browserVersionList":[{"brand":"Microsoft%20Edge","version":"117.0.2045.60"},{"brand":"Not;A=Brand","version":"8.0.0.0"},{"brand":"Chromium","version":"117.0.5938.150"}],"platformVersion":"10.0.0","architecture":"x86","mobile":false,"platform":"Windows"}
url,https://pdfcentralapp.com/get-now/?campaign_id=20290978793&adgroup_id=153358515791&placement_id=www.msdsdigital.com&creative_id=663144802028&utm_source=google_b2c&gclid=EAIaIQobChMIzJvX2omXgQMVvv3nAx0zVATUEAEYASAAEgKB_fD_BwE
url,https://www.free-pdf-pro.com/builds/download.php?gdn=1&cid=wmdru1c2v7bpbqcri7rr07a8&kw=&os=10&bro=m&subid=null
url,https://dl-zipro.com/download/1686835099060422/iknjkefbldpccblgkbmoklpdmgaoclkc/ziptech.exe?vid=ddcfa516-4fff-41ce-8c1c-484a1d5b02e4&cid=EAIaIQobChMImKnV7sSoggMVg-lkCh3PaQi8EAEYASAAEgL3rPD_BwE&source_id=&ch={"browserVersionList":[{"brand":"Microsoft%20Edge","version":"119.0.2151.44"},{"brand":"Chromium","version":"119.0.6045.105"},{"brand":"Not?A_Brand","version":"24.0.0.0"}],"platformVersion":"15.0.0","architecture":"x86","mobile":false,"platform":"Windows"}
url,https://downpdfpwr.com/download/1636018850881182/fpjghfbaochalkfacjnhbbnmifiajejf/PDFpower.exe?vid=8c4c0516-e638-4c3f-aa2a-e47e503b1262
url,https://ad.doubleclick.net/pcs/click?xai=AKAOjsuOai0rbvE4fmHrcKEora8m1sJYtJCHYfMbSNbUGgh82Y9oDPfGvTN57z5VJY_Z1SO6RjyuEcdwKaqGM_DxFzX1AAcwKekwCp-X247iOuWi7L222No8ba7-O-iv4F5a5oD2Cp0s0vAfbHwc6IxCE0LyjpA1_ldqU_vBFSX9FFYq-LgRjop32XWBVZAQ5oQ-2A60m8utOTEvSDYTikhOMCiw-VDcxxWOlHjBo3ntGzgyoPTsLAVmg9PyVCiiGqLQiesla-yX0tVbA2bcfZi_9c6DbPAMz61IuvNBq9dHyUlylgABTYSv-VZL8M6sipOcP6OxxpcwZr8MQmrA13dJz4dSfZc2MEVhJQaGcVOB_fqdJjCbmbiaQWbFGd6rgfNsdwmWCKnwQuUZvS76aCgdEunYHwYhj9aE0EFP4h3CnyH4fS65vWufh0ujuxg7tsBvqM4yb8TQ1ZU3W9pBvShNct1Wz5IVl73Bi0PrvuXYWjKGt5epJPctUOk6OF5SG7EBT2Hihmcjmlwrkk3JMy-ZXQGLoMl_5FXI3hgsA-ugtnxF_A9R-4i94h3EfXuyPgpZN1SRng0lAoPUqM5memJyJINEXo7dtAZKopciO4vud4yoCUy3yL2KoFkt2lP1HfIP6PHGbsq1F-drsnQkKgtoYUXwadAxVFw4S5D3Nhg4j6RVmS-z0AqdsTpzOo8Vd54L6RN3TEFqbyL_OzKsGgfVKJ849aTUpmHCe3AHxoIClGpepNtEfUgjXJSpHFY-JBENHwXfrYbA2QEpKxWqK6FUmmLg49eOmbGYPZfvaI3qEF-nx0QsiphP7YCNixZwlvSQ04LofDFVDF4XdpjAqiAi5jjO61633Welum7Bzy2f5fovzBtGLJEbZJJor2_rYjSMm5zX9GhRCk2jZfe0_RSbAWoFg0y2PiRcKIsi6BSwU6WAMSeQKRkqqdB32shRscA7AxfDbfomIvkbCuoXxCBbK_gwWYUqt14LJVN-f7IxKd3OR7CsaJ0_to1Vbm9wgU9sYvRD9lPVt1Xn-3vn45_G02mQ7DRS35js5u-P4iOfxXkCtiH87iuyPt7TaP-M7kcJ8fPT79MyCl0Y6vVMmtEBfkA5ZYvvd3SgnYr79pNc0uEW0mL42a-qwJzrn2QPMOxCGUCs5Z_tKg7qJ5kISA01rF0FQl52QS5CyfHolIYjqW-QcPfGQaSuCfa5vZvRHMZ9Lng4ZnITKPaYYhNqjKJF-mh1_FB4i8IUezu6xB7e4dHSDOVt8a5-2IMTGUy58syfajqtiw7sNRFRE3fPnFg&sai=AMfl-YQwIW1wA2LSY1JBX_uvFY70L7rlxgGlGvlGPRlQh4gJ_ccOo6Vw956v8nuhYqCrajFznwW8hkAN3iMt6StnL6M9tfK2OzihvGNilkGXrxFdbCyXOzkHeSCmUy61OYGtv4t7j12YJ8GkVFQ-7ovskpp02Gb1tY1TWj336XK4q40BCpdzXQXkQsQVsjwa4EuovjCoPi2rM0DR5SfUfFroKAAxIP7oH4yjlZeqAcV7Dq8etexTE97yv9ym3yfDW34vhmPRcT7QAQAZ_FpDF7gm5Rgffra4HtRFTcWvebIt4hokKEEbL7c9gNPeVjeXlQuCocsJWTomIzSc9w&sig=Cg0ArKJSzDe3oKg0lyaM&fbs_aeid=[gw_fbsaeid]&crd=aHR0cHM6Ly9wZGZtYWdpY2FwcC5jb20&urlfix=1&nx=176&ny=214&dim=300x250&adurl=https://www.pdfmagicapp.com/install-now/?utm_source=dv&utm_medium=cpc&bd=dvmgic&d_id=dv_b2c&adsxt_publisher_id=pub-1601477034266482&campaign_id=19580047188&creative_id=467887583&insertion_order_id=1010327529&exchange_id=1&source_url=https://www.thecoolist.com/military-time/&publisher_id=1&lp_id=install-now
url,http://feed.searchmyppro.com/
url,https://downloadscr.com/download/1628680341742912/ibodkjhkonffalopjiakpgiiheehpipa/ScreensRecorder.exe?vid=1ccd1eb8-c425-4732-babf-f97208f53f88&ch={"browserVersionList":[{"brand":"Microsoft%20Edge","version":"113.0.1774.42"},{"brand":"Chromium","version":"113.0.5672.93"},{"brand":"Not-A.Brand","version":"24.0.0.0"}],"platformVersion":"10.0.0","architecture":"x86","mobile":false,"platform":"Windows"}
url,https://search.yahoo.com/yhs/search?p=%25s&hspart=fc&hsimp=yhs-2374&type=fc_A9C395026AD_s69_g_e_d_n2401_c999&param1=7&param2=eJwty0EOgyAQBdCrzNImBkEQJG57gm6NaahSJaAY0dT09B2Trv6bPzOjG9qme9wZpbxWrM27BedS0IvXCqPH0Fqj3IrkgihGtCDiqkYbsTsS8jCoOX5dCKaoCIXsZKyB4JbjhLOWTyluYNY12I99ebcXFVeES8j8tM8hx0NvYbS9jzeYrBmCTamftjjbgpWMUCKZVKSuIJm32dz//Qc2pTqf
url,https://lookup.searchzr.com/?721d81ad67e4b127336eb55a5c4ad0fc=H1xAXFNHX1dZV1QNEQQwBw9cQ1pZQlddXlFLVVFCX1pZU1QJDB0LUwhREQkEQAtXRlZEClhZWwxYV19VB0BfQwpUQglXEV8MWVYQWUcXBw8FDxcAPh0LU1s=&q=%25s
url,https://www.free-pdf-convert.com/lps/typ/not-completed.html?screen=first
url,https://www.googleadservices.com/pagead/aclk?sa=L&ai=Cf793-A4zZYygL_yn_tMP4bK9-Aq9s-PVc6vcweaAEtWmoumOQhABIIz00BpgyY7GjfSk0BmgAY6ump0qyAEB4AIAqAMByAMKqgSpAk_QItpB02x4s7E04AengjeGkAYBi_EDeubYccrQATrY71PVLsT7LYIZPAGWSfke3K3da1EVBDi2sh5FgZM4Mo632eSzUQPLEghVY4XaCI-nxahYVlGGCSEKmZ6E3osBeNyqRzzpWjtQth92V0ZqNo3FL7jjjyHnFD0nZiVVOpUCgeHWsOGnF49oDB1zqLEizw76LfR-cHFI5TZKSmLpRhYVvxs47GVP_nSgq17ROtb5inDZqrca83OjWwwqRfvKx_vvdRNN2eX_h5177Nm-Ce_LjvE8M_n8H-hiZ7b-4MHIpNDrzAcPh-0XwU9t429Lxto1oEG2Vwwo0t_EqxAGY87cq7lqzCq4j33ux6Fq9y3rEQmIkAw7AQA2BeBrbQIyWjMz9tOT7Z084sAEiIbukdcE4AQBiAXAkPPaTIAHjubq_ASoB9m2sQKoB47OG6gHk9gbqAfulrECqAf-nrECqAeko7ECqAfVyRuoB6a-G6gHmgaoB_PRG6gHltgbqAeqm7ECqAeDrbECqAf_nrECqAffn7EC2AcB0ggUCIBhEAEYHTICigI6AoBASL39wTryCBthZHgtc3Vic3luLTUzNDkwMTExNjc1MjY2MTSxCeDoqm2G8-JagAoDmAsByAsBogwMKgoKCOS0sQLutbECqg0CVVPIDQHiDRMIsLDMueWFggMV_JN_BB1hWQ-v2BMMiBQD0BUBmBYB-BYBgBcB&gclid=EAIaIQobChMIjPzNueWFggMV_JN_BB1hWQ-vEAEYASAAEgINXvD_BwE&num=1&cid=CAQSPADICaaN8cswAHcVFBLoJoGCkEJn3gOtMfCnFBMVtly6P9shfJuMVo8qAFIOkjpIe2DNE8GJhg-9Alw1fhgB&sig=AOD64_2jx2Gh8JMfRgIvxGFJ18kbRqYPIg&client=ca-pub-4529402052683454&rf=4&nb=0&adurl=https://pdf2doconvert.com/convert/?pid=71437&publisherid=71437&barcodeid=71437003&adid=40103020
url,https://backgroundand.info/
url,http://secure.globalsign.com/cacert/codesigningrootr45.crt
url,https://downloadpdfmagic.com/download/1654513741549412/iaelhpkgkhgbepiciamljajmajjnklak/pdfmagic.exe?vid=8c66db45-1b65-4ffa-990d-62e3534c9434&ch={"browserVersionList":[{"brand":"Chromium","version":"110.0.5481.77"},{"brand":"Not%20A(Brand","version":"24.0.0.0"},{"brand":"Microsoft%20Edge","version":"110.0.1587.41"}],"platformVersion":"15.0.0","architecture":"x86","mobile":false,"platform":"Windows"}
url,https://stats.pdftodocpro.com/api/addevent
url,https://www.downloadph.com/download/1603706580465575/lpodmcegmhaecpppfpkkmhompnidinip/pdfhubonline.exe
url,http://ctldl.windowsupdate.com/msdownload/update/v3/static/trustedr/en/CABD2A79A1076A31F21D253635CB039D4329A5E8.crt?9ec35f602b3a2b15
url,http://pdfalcon.com/
url,http://ctldl.windowsupdate.com/msdownload/update/v3/static/trustedr/en/authrootstl.cab?a596a4afb1e0ac58
url,https://lookup.searchshar.com/?556530f603241d61d6c9d02cba6a033e=H1xAXFNHX1daVVQNEQQwBw9cQ1pZQlpZXlhCVFFCXlhdVFQJDB0LU1xREVhVRFxdRgRDCQVZW1tTWV8NUkVXQwhXEQ8CEAwICllGCEcXBw8FDxcAPh0LUx1ZEVUUHFtX
url,https://pdfcentralapp.com/get-now/?campaign_id=20286346224&adgroup_id=154737005671&placement_id=www.calendar-12.com&creative_id=667567561115&utm_source=google_b2c&gclid=EAIaIQobChMI_OT9-O-qgQMVR46nCh0M2QmkEAEYASAAEgJ1RPD_BwE
url,https://feed.searchazak.com/?id=422fba3f-fbea-4292-8856-70bbfa168f16&installdate=07-09-2023&pid=70685&publisherid=70685&barcodeid=70685003&adid=10104020&placement=manualslib.com&gclid=&q=%25s
url,https://downloadgifs.com/download/1628694616891331/nadaplmcndhmcebimpmmdidmamkobmah/GifsMakerPro.exe?vid=feac9398-a463-47ee-9946-2c21b25826fc&ch={"browserVersionList":[{"brand":"Chromium","version":"110.0.5481.77"},{"brand":"Not%20A(Brand","version":"24.0.0.0"},{"brand":"Microsoft%20Edge","version":"110.0.1587.46"}],"platformVersion":"10.0.0","architecture":"x86","mobile":false,"platform":"Windows"}
url,http://bl.searchpoweronline.com/v4/interpolate?EQwCEEpdEFAtTC0oNictRF9eQVFdQVggGw8ORF9bRFRdNlwqQidcUV1YFREbPQtLRwVaQlxYRFBTTFpeTFlaRVdcUVNdBxscHQ8MKwYAAAQZBAACFRUCGwFLRwUsMTsxNjMqOis=
url,http://dlmagicapp.com/
url,https://pdfcentralapp.com/thankyou/?tyid=cbb6c1b5-8b7b-4098-8ba9-5895770b204d
url,https://dlmagicapp.com/download/1686575908061665/coimhgadofnifgdmjcfbfajgkdcaedde/pdfcentral.exe?vid=539b1ec1-4c05-419b-836b-4991212d07a7&cid=EAIaIQobChMIxOiYj-nugQMVV93nAx2sTwkJEAEYASAAEgL-XvD_BwE&source_id=&ch={"browserVersionList":[{"brand":"Microsoft%20Edge","version":"117.0.2045.60"},{"brand":"Not;A=Brand","version":"8.0.0.0"},{"brand":"Chromium","version":"117.0.5938.150"}],"platformVersion":"10.0.0","architecture":"x86","mobile":false,"platform":"Windows"}
url,https://www.googleadservices.com/pagead/aclk?sa=L&ai=C9k5opA4zZcnbIM3X_tMP7tCPuA-4i4XOc5q3qpSQEq3K_d8FEAEgjPTQGmDJjsaN9KTQGaAB6JS50CjIAQngAgCoAwHIAwqqBLICT9Cak6EZRvjhoaWe7jdIiv7DvdQlYqn9TEH9SOH2Eb75KTTYpyHDH7pMjPLgOoz4cdeUdrkfvRli2JOQZ9tCPUBzTJje8sFHb1fd_U3V7BhABVJRrejKylDSaQ5kVSQ2oOD_UxhAYM_dRmx9UJ5W5Z8Zu0X9OdUxj0D4WCIfnwphsdqvSSikIIZcqgyjBFW9UKUSgQVVoTnfkBoErOYXXW4Gedt2G0QF8wqGpm0HYJySEvH6tcfLTC1_JVV-D8FeEo1F3Up26AiABLLZDoLNEdQWrmIrUL7Uoc0yDZL-CTa7DH8VDhVrWceApYyrPYCVeEAJPYK3hH_FQrIDqzVtXNqX2LMmQDSo7uVe0GIhA0-LFXP_QhLracyO2ecUkuPmdGSR7Wd1_HRY8Fl_5TRrFYz2wATm57_NsATgBAGIBfCnpMlLoAYugAfozImwA6gH2baxAqgHjs4bqAeT2BuoB-6WsQKoB_6esQKoB6SjsQKoB9XJG6gHpr4bqAeaBqgH89EbqAeW2BuoB6qbsQKoB4OtsQKoB_-esQKoB9-fsQLYBwDSCBQIgGEQARgdMgKKAjoCgEBIvf3BOvIIG2FkeC1zdWJzeW4tNTM0OTAxMTE2NzUyNjYxNLEJ0OHlrKffoc2ACgOYCwHICwGADAGiDAwqCgoI5LSxAu61sQKqDQJVU8gNAeINEwiu8baR5YWCAxXNq38EHW7oA_fYEwzQFQH4FgGAFwE&gclid=EAIaIQobChMIyb24keWFggMVzat_BB1u6AP3EAEYASAAEgIPYPD_BwE&num=1&cid=CAQSPADICaaNU9Cor42rOg4Jlp9egnceP7JAx1oRf2E_hlPn5RRmMSBz8FJiAIZNF-6OAB-QcnJ3Iu-FZ8aIShgB&sig=AOD64_3lCCIlYNlp69F9HO2_6UiGEYZNoQ&client=ca-pub-4529402052683454&rf=4&nb=7&adurl=https://pdfcentralapp.com/get-now?campaign_id=20286346224&adgroup_id=150486381542&placement_id=www.diycraftsy.com&creative_id=673101880691&utm_source=google_b2c
url,https://lookup.searchitral.com/?09e85c6b448b7b7f49ac2d9fd6ea4704=H1xAXFNHXl5ZUVQNEQQwBw9cQ1pZQlpZXlhCVFFCXlhdVFQJDB0LUwpURVxZFQ1WRlQUWlhZW10KBV8NBRFXQwkERlwCQQpfXQJHWEcXBw8FDxcAPh0LUwdQQ1wORQ0A&q=%25s
url,http://ocsp.globalsign.com/gsgccr45evcodesignca2020/ME0wSzBJMEcwRTAJBgUrDgMCGgUABBQaCbVYh07WONuW4e63Ydlu4AlbDAQUJZ3Q/FkJhmPF7POxEztXHAOSNhECDEnMahvwpGPl3rI7AQ==
url,https://app.screensrecorder.com/
url,http://start.searcharchiver.com/time?session_id=6ca90579-d248-4922-b591-5f4f19a43c21&app_id=1642581644641386&emid=1F8BFBFF00050657None005056A07D19&install_version=1111&identity=searcharchiver&sig=GS_MEDIAARENA_ZIPRAR_SIGNATURE&download_browser=edge_chrome&os_version=10.0.17134&r=1527037027
url,https://www.downloadph.com/download/1603706580465575/lpodmcegmhaecpppfpkkmhompnidinip/PDFHub.exe?vid=f4b78388-c6bd-46c4-8595-06c06056c5a3
url,https://downpdfpwr.com/download/1636018850881182/fpjghfbaochalkfacjnhbbnmifiajejf/PDFpower.exe?vid=49a922d5-dce5-4ff3-a403-0d8c19cb34dc&ch={"browserVersionList":[{"brand":"Chromium","version":"110.0.5481.104"},{"brand":"Not%20A(Brand","version":"24.0.0.0"},{"brand":"Microsoft%20Edge","version":"110.0.1587.50"}],"platformVersion":"8.0.0","architecture":"x86","mobile":false,"platform":"Windows"}
url,https://downloadpdfmagic.com/download/1612258559243754/iaelhpkgkhgbepiciamljajmajjnklak/pdfmagic.exe?vid=9440fe24-f60d-4d96-ac88-466ef37f96bc&ch={"browserVersionList":[{"brand":"Chromium","version":"110.0.5481.104"},{"brand":"Not%20A(Brand","version":"24.0.0.0"},{"brand":"Microsoft%20Edge","version":"110.0.1587.50"}],"platformVersion":"10.0.0","architecture":"x86","mobile":false,"platform":"Windows"}
url,https://dlmagicapp.com/download/1686575908061665/coimhgadofnifgdmjcfbfajgkdcaedde/pdfcentral.exe?vid=b9937ddf-51cb-4b5c-ad3b-4e40b1fde144&cid=EAIaIQobChMI48D9momXgQMVKgH5AB1SiA1bEAEYASAAEgISmPD_BwE&source_id=&ch={"browserVersionList":[{"brand":"Chromium","version":"116.0.5845.141"},{"brand":"Not)A;Brand","version":"24.0.0.0"},{"brand":"Microsoft%20Edge","version":"116.0.1938.69"}],"platformVersion":"10.0.0","architecture":"x86","mobile":false,"platform":"Windows"}
url,https://pdfcentralapp.com/get-now/?campaign_id=20286346224&adgroup_id=150486381542&placement_id=www.hipaaspace.com&creative_id=673101880691&utm_source=google_b2c&gclid=EAIaIQobChMI5t3j9YrigQMVRc1iCh2yPAngEAEYASAAEgIxWvD_BwE
url,https://www.googleadservices.com/pagead/aclk?sa=L&ai=CCLsz2Q4zZdveFpCgngXf75y4A-il5Ntz1Yyd8-QR8p_Nku4wEAEgjPTQGmDJjsaN9KTQGaAB0crPvwHIAQHgAgCoAwHIAwqqBLUCT9CRpS_RSfPqcWwGQlIiTehHN8JevzukWCPbgF-Br-gBAIHZJ8kr3AwTcsvj7HOQ6JiPnEtxjH5epjwsjiMBTfhqZ3cDysVAFR6PsLbhJtIx0OSwBTHos4fuDFDjhS_cmddrfY1KuQk4MtUmPuiuJ1LUaJm05cnGb8JzLWJDhb2UkAHdS7g52zVSbJEbRNw7Im35CG0DK0KLcBk9XRb9zZ7JIYRbjvwHZEjr3Z4ikb1ghkirpU4mSlENcJ0OflpKYVao0ZxGrYM5I9_Uf5NNnPgjquVjcXSoAG3iM4lTjVPj6g3aFtFJKV6S0DATL0-wg3djBqWXkCUEXBwCU2k9zP6HcrIRydTXUJv8vHRYYjhPWQD-rFueK9sGYwj23sRNkNetB9ITRTy-EbPx8Y2bkPKU8FOAwATK44fFxgTgBAGIBdyXpsRMgAeXtbDAAqgH2baxAqgHjs4bqAeT2BuoB-6WsQKoB_6esQKoB6SjsQKoB9XJG6gHpr4bqAeaBqgH89EbqAeW2BuoB6qbsQKoB4OtsQKoB_-esQKoB9-fsQLYBwHSCBQIgGEQARgdMgKKAjoCgEBIvf3BOvIIG2FkeC1zdWJzeW4tNTM0OTAxMTE2NzUyNjYxNLEJ1lWOsCAStraACgOYCwHICwGqDQJVU8gNAeINEwj33s-q5YWCAxUQkKcKHd83BzfYEwyIFAHQFQH4FgGAFwE&ae=1&gclid=EAIaIQobChMIm6_RquWFggMVEJCnCh3fNwc3EAEYASAAEgJzvfD_BwE&num=1&cid=CAQSPADICaaN_t4A5rxo3_FhiyLvUSnGI4SjT1zkwPw_AP_vgyMMesa2EHEemO82PIfHv0D9isvdXJ7FkecGPRgB&sig=AOD64_10neaC-9a4oCQLRSsMXJn7WQoGqQ&client=ca-pub-4529402052683454&rf=4&nb=8&adurl=https://ziptechapp.com/get-now/?campaign_id=20544326620&adgroup_id=156374266314&placement_id=www.diycraftsy.com&creative_id=673582960991&utm_source=google_b2c&gclid=EAIaIQobChMIm6_RquWFggMVEJCnCh3fNwc3EAEYASAAEgJzvfD_BwE
ip_address,100.24.223.135
ip_address,104.110.191.144
ip_address,104.110.191.155
ip_address,104.110.191.165
ip_address,104.123.45.80
ip_address,104.18.15.101
ip_address,104.18.20.226
ip_address,104.18.21.226
ip_address,104.18.28.38
ip_address,104.198.23.205
ip_address,104.20.185.68
ip_address,104.21.11.17
ip_address,104.21.7.160
ip_address,104.21.80.182
ip_address,104.21.86.111
ip_address,104.21.87.28
ip_address,104.236.2.27
ip_address,104.74.71.16
ip_address,104.74.71.35
ip_address,104.80.89.48
ip_address,104.83.86.218
ip_address,104.86.182.43
ip_address,104.86.182.8
ip_address,104.96.203.51
ip_address,104.96.220.129
ip_address,104.97.14.209
ip_address,104.97.14.234
ip_address,104.97.15.48
ip_address,104.97.15.58
ip_address,107.22.0.227
ip_address,108.177.122.94
ip_address,13.107.12.50
ip_address,13.107.21.200
ip_address,13.107.21.239
ip_address,13.107.213.45
ip_address,13.107.213.60
ip_address,13.107.213.61
ip_address,13.107.213.67
ip_address,13.107.213.69
ip_address,13.107.213.70
ip_address,13.107.226.67
ip_address,13.107.237.67
ip_address,13.107.238.67
ip_address,13.107.246.45
ip_address,13.107.246.60
ip_address,13.107.246.61
ip_address,13.107.246.67
ip_address,13.107.246.69
ip_address,13.107.246.70
ip_address,13.107.253.67
ip_address,13.107.39.203
ip_address,13.107.4.50
ip_address,13.107.4.52
ip_address,13.107.40.203
ip_address,13.107.42.16
ip_address,13.227.211.167
ip_address,13.32.110.104
ip_address,13.69.109.130
ip_address,13.89.179.10
ip_address,131.253.33.200
ip_address,131.253.33.203
ip_address,132.122.7.4
ip_address,138.197.24.40
ip_address,141.226.228.48
ip_address,142.250.153.94
ip_address,142.250.180.14
ip_address,142.250.200.46
ip_address,142.250.217.110
ip_address,142.250.217.67
ip_address,142.250.217.74
ip_address,142.250.217.78
ip_address,142.250.217.99
ip_address,142.250.69.195
ip_address,142.250.69.202
ip_address,142.251.143.100
ip_address,142.251.143.106
ip_address,142.251.143.109
ip_address,142.251.143.110
ip_address,142.251.143.130
ip_address,142.251.143.131
ip_address,142.251.143.142
ip_address,142.251.143.163
ip_address,142.251.143.168
ip_address,142.251.143.170
ip_address,142.251.143.174
ip_address,142.251.143.194
ip_address,142.251.143.195
ip_address,142.251.143.200
ip_address,142.251.143.98
ip_address,142.251.209.46
ip_address,142.251.211.227
ip_address,142.251.211.238
ip_address,142.251.215.234
ip_address,142.251.33.110
ip_address,142.251.33.67
ip_address,142.251.33.99
ip_address,143.198.8.194
ip_address,151.101.1.44
ip_address,151.101.129.44
ip_address,151.101.193.44
ip_address,151.101.22.133
ip_address,151.101.22.172
ip_address,151.101.65.44
ip_address,152.195.19.97
ip_address,157.245.117.234
ip_address,159.65.244.178
ip_address,167.172.248.230
ip_address,167.172.250.54
ip_address,167.99.105.92
ip_address,168.119.254.45
ip_address,168.119.56.74
ip_address,168.62.242.76
ip_address,172.104.7.66
ip_address,172.217.14.206
ip_address,172.217.14.227
ip_address,172.217.14.238
ip_address,172.67.147.142
ip_address,172.67.153.27
ip_address,173.194.79.154
ip_address,173.194.79.155
ip_address,173.194.79.156
ip_address,173.194.79.157
ip_address,178.79.208.1
ip_address,178.79.225.0
ip_address,178.79.225.128
ip_address,18.65.39.28
ip_address,18.65.39.29
ip_address,18.65.39.56
ip_address,18.65.39.70
ip_address,184.25.191.235
ip_address,185.125.188.59
ip_address,185.125.190.28
ip_address,185.125.190.44
ip_address,192.229.211.108
ip_address,192.229.221.95
ip_address,199.232.146.133
ip_address,2.16.107.75
ip_address,2.16.204.134
ip_address,2.16.204.135
ip_address,2.16.204.136
ip_address,2.16.204.137
ip_address,2.16.204.138
ip_address,2.16.204.139
ip_address,2.16.204.141
ip_address,2.16.204.142
ip_address,2.16.204.143
ip_address,2.16.204.145
ip_address,2.16.204.146
ip_address,2.16.204.147
ip_address,2.16.204.149
ip_address,2.16.204.150
ip_address,2.16.204.151
ip_address,2.16.204.152
ip_address,2.16.204.156
ip_address,2.16.204.160
ip_address,2.16.204.161
ip_address,20.101.57.9
ip_address,20.105.73.143
ip_address,20.189.173.21
ip_address,20.190.160.134
ip_address,20.190.160.8
ip_address,20.199.58.43
ip_address,20.223.35.26
ip_address,20.223.36.55
ip_address,20.31.42.83
ip_address,20.40.136.238
ip_address,20.62.24.77
ip_address,20.67.219.150
ip_address,20.69.140.28
ip_address,20.73.130.64
ip_address,20.82.209.104
ip_address,20.82.210.154
ip_address,20.82.250.189
ip_address,20.86.249.62
ip_address,20.96.52.198
ip_address,20.99.132.105
ip_address,20.99.133.109
ip_address,20.99.184.37
ip_address,20.99.185.48
ip_address,20.99.186.246
ip_address,204.79.197.200
ip_address,204.79.197.203
ip_address,204.79.197.219
ip_address,204.79.197.239
ip_address,208.111.177.0
ip_address,208.111.177.128
ip_address,208.111.186.140
ip_address,209.197.3.8
ip_address,216.58.212.206
ip_address,217.20.54.34
ip_address,23.192.210.9
ip_address,23.195.231.244
ip_address,23.198.146.35
ip_address,23.198.171.50
ip_address,23.202.229.40
ip_address,23.205.104.11
ip_address,23.213.37.172
ip_address,23.216.147.42
ip_address,23.216.147.61
ip_address,23.216.147.63
